File ID	File Name	Data Category	Data Type	Project ID	Case ID	Sample ID	Sample Type
ac377378-605f-4dd6-a71f-aba899360b9e	1c77ba3f-fb74-40ef-b22c-81d8edc19273.FPKM.txt.gz	Transcriptome Profiling	Gene Expression Quantification	TCGA-LIHC	TCGA-MI-A75G	TCGA-MI-A75G-01A	Primary Tumor
20c0a45e-6cb6-4d9d-8d7f-79bda6824a4e	f27747c6-ceb3-4849-a30a-9eb6229a5576.FPKM.txt.gz	Transcriptome Profiling	Gene Expression Quantification	TCGA-LIHC	TCGA-BC-A10W	TCGA-BC-A10W-01A	Primary Tumor
16954a3c-8ce6-4732-af7b-b53d26f37d91	6ce06871-a6a4-4a4a-bd08-0c448914dfcf.FPKM.txt.gz	Transcriptome Profiling	Gene Expression Quantification	TCGA-LIHC	TCGA-GJ-A3OU	TCGA-GJ-A3OU-01A	Primary Tumor
79f54fab-6bf1-47c7-978b-a1f722427cbc	d3527d58-c05c-41c2-a462-039fa5abc271.FPKM.txt.gz	Transcriptome Profiling	Gene Expression Quantification	TCGA-LIHC	TCGA-DD-AA3A	TCGA-DD-AA3A-01A	Primary Tumor
46779ae5-0901-415e-86aa-52bd1ed9f1dd	ee932a7b-ec6c-42dc-8290-5cf00932f495.FPKM.txt.gz	Transcriptome Profiling	Gene Expression Quantification	TCGA-LIHC	TCGA-ED-A82E	TCGA-ED-A82E-01A	Primary Tumor
452e9637-9c48-4614-b977-b7fd66fa37f8	ec8fb205-0d42-4a66-b8ec-5bdd5da8a23b.FPKM.txt.gz	Transcriptome Profiling	Gene Expression Quantification	TCGA-LIHC	TCGA-DD-A1EG	TCGA-DD-A1EG-11A	Solid Tissue Normal
1aec1926-0534-489b-a6ff-94960ff73340	5177e120-9605-45c8-87a2-d519c53215bd.FPKM.txt.gz	Transcriptome Profiling	Gene Expression Quantification	TCGA-LIHC	TCGA-ZS-A9CF	TCGA-ZS-A9CF-02A	Recurrent Tumor
71ca0fa7-0832-4697-8a2b-fff8535b1b7f	c7e1465f-cc5a-4dc9-9bb1-6f1112da7aad.FPKM.txt.gz	Transcriptome Profiling	Gene Expression Quantification	TCGA-LIHC	TCGA-UB-A7MB	TCGA-UB-A7MB-01A	Primary Tumor
d27ad3a4-f37b-4985-a105-2b26aca089fe	a3a6543b-ea79-4724-a140-c83392b1842b.FPKM.txt.gz	Transcriptome Profiling	Gene Expression Quantification	TCGA-LIHC	TCGA-DD-AAEI	TCGA-DD-AAEI-01A	Primary Tumor
6bbb38e9-b019-464f-bdf5-1dc176c3007e	576fda32-4e0c-414d-b54c-259f2503fc11.FPKM.txt.gz	Transcriptome Profiling	Gene Expression Quantification	TCGA-LIHC	TCGA-BC-A10Q	TCGA-BC-A10Q-11A	Solid Tissue Normal
2581f59d-422a-4ff0-9ca7-767b25b3b843	571e9f2c-b71e-4c42-909f-1feb69cf9723.FPKM.txt.gz	Transcriptome Profiling	Gene Expression Quantification	TCGA-LIHC	TCGA-G3-A25Z	TCGA-G3-A25Z-01A	Primary Tumor
3b68d753-864e-4e53-89eb-bd1cfdf2f7ca	ff8776f1-5499-459c-989f-0bc5268e6631.FPKM.txt.gz	Transcriptome Profiling	Gene Expression Quantification	TCGA-LIHC	TCGA-ED-A66Y	TCGA-ED-A66Y-01A	Primary Tumor
6e679a0d-70fc-497c-ad7d-164ab2ebbf1e	491e50ed-21d3-4dc6-ae6c-e56f94e22ca4.FPKM.txt.gz	Transcriptome Profiling	Gene Expression Quantification	TCGA-LIHC	TCGA-DD-A1EE	TCGA-DD-A1EE-11A	Solid Tissue Normal
4e29e056-1508-4db0-8022-7c64ed355e6f	e035a46e-6114-4a64-b5ae-9e6209223493.FPKM.txt.gz	Transcriptome Profiling	Gene Expression Quantification	TCGA-LIHC	TCGA-ED-A627	TCGA-ED-A627-01A	Primary Tumor
cb245e3c-5741-4deb-8a4e-a1aba22e5407	c13fb7ac-2ff4-49ae-b925-216f74bb642b.FPKM.txt.gz	Transcriptome Profiling	Gene Expression Quantification	TCGA-LIHC	TCGA-G3-AAV6	TCGA-G3-AAV6-01A	Primary Tumor
cb0b39b5-6d8d-49d5-a7dc-5f57af80a3c1	d11a42d8-6486-4288-bf5c-864448bb1fd6.FPKM.txt.gz	Transcriptome Profiling	Gene Expression Quantification	TCGA-LIHC	TCGA-CC-A9FV	TCGA-CC-A9FV-01A	Primary Tumor
91a0d63c-d04d-4d56-b5ad-64bb48f2a9d0	21493902-9374-4fe5-a7e6-6e97c81834df.FPKM.txt.gz	Transcriptome Profiling	Gene Expression Quantification	TCGA-LIHC	TCGA-DD-AADN	TCGA-DD-AADN-01A	Primary Tumor
32083d61-54a0-489b-ae8b-631c1025d6f9	141008f6-24cb-4004-a96b-e4aaea71d75d.FPKM.txt.gz	Transcriptome Profiling	Gene Expression Quantification	TCGA-LIHC	TCGA-QA-A7B7	TCGA-QA-A7B7-01A	Primary Tumor
2e9c1ad8-b299-4d1d-9512-32ec10ef5196	a5d93423-8bf0-47df-be23-beb6fd481b29.FPKM.txt.gz	Transcriptome Profiling	Gene Expression Quantification	TCGA-LIHC	TCGA-DD-AAEH	TCGA-DD-AAEH-01A	Primary Tumor
6c05adb9-e5b0-4d41-8d50-a02b8cb2ebdb	6f78b01c-d83f-4970-8e9e-e3d78c265fc2.FPKM.txt.gz	Transcriptome Profiling	Gene Expression Quantification	TCGA-LIHC	TCGA-ED-A8O5	TCGA-ED-A8O5-01A	Primary Tumor
a8284d7d-c9de-4690-86eb-69784cfdc00d	13240f8b-ae36-4f5f-8e95-2c9d0c83e58c.FPKM.txt.gz	Transcriptome Profiling	Gene Expression Quantification	TCGA-LIHC	TCGA-G3-A7M9	TCGA-G3-A7M9-01A	Primary Tumor
8ca61667-6424-49d9-a155-bcfc70291a05	a0c56eec-568a-46b0-88db-f14d64a3942b.FPKM.txt.gz	Transcriptome Profiling	Gene Expression Quantification	TCGA-LIHC	TCGA-DD-AACB	TCGA-DD-AACB-01A	Primary Tumor
49dd5911-0309-4442-bdbe-762e0767f0c9	9700948e-21f5-42ae-9cb5-f18c745887ce.FPKM.txt.gz	Transcriptome Profiling	Gene Expression Quantification	TCGA-LIHC	TCGA-G3-A3CG	TCGA-G3-A3CG-01A	Primary Tumor
9b67de2b-9276-47a1-8cfe-15eb5e29eacc	99450a8a-dee8-41f8-9a41-0aa5de3e0a86.FPKM.txt.gz	Transcriptome Profiling	Gene Expression Quantification	TCGA-LIHC	TCGA-EP-A12J	TCGA-EP-A12J-01A	Primary Tumor
35ab9243-d2f1-4d68-90af-c8d518b6b64c	fa7877bb-9e46-4ecb-8c47-501893ce2410.FPKM.txt.gz	Transcriptome Profiling	Gene Expression Quantification	TCGA-LIHC	TCGA-DD-A3A8	TCGA-DD-A3A8-11A	Solid Tissue Normal
2f81c6d9-a140-48a4-b620-64e10f6d7e60	4adbd8cd-bc5b-46d5-9e22-29652771f8aa.FPKM.txt.gz	Transcriptome Profiling	Gene Expression Quantification	TCGA-LIHC	TCGA-DD-AAD2	TCGA-DD-AAD2-01A	Primary Tumor
7f83915f-0b19-40c9-8d5f-5b594341a2a0	502ddeb2-8a23-44ee-924e-c43a20c506e6.FPKM.txt.gz	Transcriptome Profiling	Gene Expression Quantification	TCGA-LIHC	TCGA-DD-AACF	TCGA-DD-AACF-01A	Primary Tumor
8102ab97-733f-4507-aacb-0e0e35094dd4	d7524137-9b16-40c4-adc7-79e94b2398c4.FPKM.txt.gz	Transcriptome Profiling	Gene Expression Quantification	TCGA-LIHC	TCGA-KR-A7K2	TCGA-KR-A7K2-01A	Primary Tumor
817562f0-e325-4f0a-8ac3-5f990fc00fe0	d630e09e-ba2b-48b2-a046-6e1b851ad630.FPKM.txt.gz	Transcriptome Profiling	Gene Expression Quantification	TCGA-LIHC	TCGA-DD-A3A6	TCGA-DD-A3A6-11A	Solid Tissue Normal
244f30e6-9270-499d-8107-a8b2905356ef	09f395dd-d007-41e0-8a51-a6533ae51087.FPKM.txt.gz	Transcriptome Profiling	Gene Expression Quantification	TCGA-LIHC	TCGA-EP-A3JL	TCGA-EP-A3JL-01A	Primary Tumor
394a0fbf-2fb0-4043-81f2-35019083aea1	64d69b21-deaa-410c-a657-94376026c42a.FPKM.txt.gz	Transcriptome Profiling	Gene Expression Quantification	TCGA-LIHC	TCGA-DD-AAEG	TCGA-DD-AAEG-01A	Primary Tumor
c345dae3-8bff-43fd-ae78-699e011d1844	eb7813d6-77f1-41e4-a2c2-a4f4ec42d594.FPKM.txt.gz	Transcriptome Profiling	Gene Expression Quantification	TCGA-LIHC	TCGA-EP-A3RK	TCGA-EP-A3RK-01A	Primary Tumor
2bcd75e9-d3dc-455f-8266-4ca4dc191561	21a0ef5f-24f5-45fe-ac84-deed4ef25329.FPKM.txt.gz	Transcriptome Profiling	Gene Expression Quantification	TCGA-LIHC	TCGA-UB-A7MA	TCGA-UB-A7MA-01A	Primary Tumor
574c9579-c41b-4092-b685-cfa9c00aba36	10d6deec-fd89-4115-92f5-c9def40428b5.FPKM.txt.gz	Transcriptome Profiling	Gene Expression Quantification	TCGA-LIHC	TCGA-G3-A5SL	TCGA-G3-A5SL-01A	Primary Tumor
805ffabc-437a-42ee-9da2-d0e2436b1173	1b73c4fc-b155-44ef-b91a-ef7dfdb6a5e6.FPKM.txt.gz	Transcriptome Profiling	Gene Expression Quantification	TCGA-LIHC	TCGA-ZP-A9D4	TCGA-ZP-A9D4-01A	Primary Tumor
59396bbb-8ac9-4444-9529-370881318ccd	4450b090-a44a-4bdb-b82b-52ade905c7c1.FPKM.txt.gz	Transcriptome Profiling	Gene Expression Quantification	TCGA-LIHC	TCGA-DD-A3A3	TCGA-DD-A3A3-01A	Primary Tumor
a857edc8-a00d-4ce1-8706-130201704dfd	8040a1f5-5f45-4e92-9f77-78e123afa270.FPKM.txt.gz	Transcriptome Profiling	Gene Expression Quantification	TCGA-LIHC	TCGA-DD-A1EF	TCGA-DD-A1EF-01A	Primary Tumor
3066c600-6ee9-4bfa-b168-932389d4fde7	160aee04-df36-4e94-90c5-b01b2991ba48.FPKM.txt.gz	Transcriptome Profiling	Gene Expression Quantification	TCGA-LIHC	TCGA-DD-A1EC	TCGA-DD-A1EC-11A	Solid Tissue Normal
28c47770-25ea-47a9-8c33-2017454cfc88	d7a9f4a9-6998-45dc-9bc4-06f3f7110429.FPKM.txt.gz	Transcriptome Profiling	Gene Expression Quantification	TCGA-LIHC	TCGA-5C-A9VH	TCGA-5C-A9VH-01A	Primary Tumor
ee8860c7-1276-47ab-8025-0fc70e29b3c1	f3b485c8-7f7b-4827-8d79-e3a070d52222.FPKM.txt.gz	Transcriptome Profiling	Gene Expression Quantification	TCGA-LIHC	TCGA-G3-A5SI	TCGA-G3-A5SI-01A	Primary Tumor
03b50c0b-27e9-4a9a-a17a-3b3e8fd041d8	ef252631-7591-48dc-8968-c5bd855bd3ab.FPKM.txt.gz	Transcriptome Profiling	Gene Expression Quantification	TCGA-LIHC	TCGA-DD-AAVX	TCGA-DD-AAVX-01A	Primary Tumor
56c9c86f-92e2-45a0-bda5-dd6d67cd4734	507cbf65-5c20-4fc8-b870-5ba7440b1886.FPKM.txt.gz	Transcriptome Profiling	Gene Expression Quantification	TCGA-LIHC	TCGA-2Y-A9HA	TCGA-2Y-A9HA-01A	Primary Tumor
8e658abd-233d-43dc-9ee4-48d0076b7707	80f02ee0-18d6-4713-a67e-b189cdcb790a.FPKM.txt.gz	Transcriptome Profiling	Gene Expression Quantification	TCGA-LIHC	TCGA-MI-A75H	TCGA-MI-A75H-01A	Primary Tumor
a866b498-c571-4fb0-9163-a285796283d3	b1820867-e6b2-4228-ad00-19d1d7fddf67.FPKM.txt.gz	Transcriptome Profiling	Gene Expression Quantification	TCGA-LIHC	TCGA-DD-A4NG	TCGA-DD-A4NG-01A	Primary Tumor
9054c1e8-683c-4aa0-bbf5-0abb1cbd83cc	32c54066-3e12-4205-aa4a-643ad93be076.FPKM.txt.gz	Transcriptome Profiling	Gene Expression Quantification	TCGA-LIHC	TCGA-DD-AACZ	TCGA-DD-AACZ-01A	Primary Tumor
9a12529a-c1af-48ab-924c-13b6cc3e2a78	3edd413e-831d-442a-be8d-70b2f49e9d67.FPKM.txt.gz	Transcriptome Profiling	Gene Expression Quantification	TCGA-LIHC	TCGA-CC-5264	TCGA-CC-5264-01A	Primary Tumor
b30e4ede-e3e9-4732-ad9b-77efe95ffb57	edf02d6d-619f-4325-a585-dca7bf5afbeb.FPKM.txt.gz	Transcriptome Profiling	Gene Expression Quantification	TCGA-LIHC	TCGA-DD-AADY	TCGA-DD-AADY-01A	Primary Tumor
78b8da73-e55f-4254-97be-75687a2c2b31	a6fec226-78fe-4de9-b80a-9bab57e7a350.FPKM.txt.gz	Transcriptome Profiling	Gene Expression Quantification	TCGA-LIHC	TCGA-T1-A6J8	TCGA-T1-A6J8-01A	Primary Tumor
94b9e921-fc2f-484e-b600-aa66ba5583d8	88ba4c2a-c8a2-4220-aa15-141900ff55ca.FPKM.txt.gz	Transcriptome Profiling	Gene Expression Quantification	TCGA-LIHC	TCGA-BC-4072	TCGA-BC-4072-01B	Primary Tumor
8eda0291-19ed-407a-8b55-33a8190a4f57	a73871e9-6fcf-4dcb-b8a2-f6864ee00f68.FPKM.txt.gz	Transcriptome Profiling	Gene Expression Quantification	TCGA-LIHC	TCGA-DD-AACQ	TCGA-DD-AACQ-01A	Primary Tumor
7d06091d-3c4f-4721-aab8-68dcc08f64e1	10d2c5d1-f5d5-40c6-a42f-f9cccdb94ac5.FPKM.txt.gz	Transcriptome Profiling	Gene Expression Quantification	TCGA-LIHC	TCGA-2Y-A9GW	TCGA-2Y-A9GW-01A	Primary Tumor
8318642c-abc2-4848-9935-a37f211696a7	c9397ead-b7af-4512-bf20-24a814bbaf4e.FPKM.txt.gz	Transcriptome Profiling	Gene Expression Quantification	TCGA-LIHC	TCGA-DD-AAW3	TCGA-DD-AAW3-01A	Primary Tumor
88f88433-405a-4beb-851b-2faa518c2f40	7807318b-32d2-480e-805a-911d90f43e52.FPKM.txt.gz	Transcriptome Profiling	Gene Expression Quantification	TCGA-LIHC	TCGA-DD-AADF	TCGA-DD-AADF-01A	Primary Tumor
199ec039-b8a0-4509-913d-56e126471fc7	79f4b12a-ed1c-46d5-ae3d-a0422454eaf4.FPKM.txt.gz	Transcriptome Profiling	Gene Expression Quantification	TCGA-LIHC	TCGA-XR-A8TG	TCGA-XR-A8TG-01A	Primary Tumor
72019859-ea4f-41ac-b2b8-b5532e93e48a	5b1ae080-91c0-47ea-aa52-0bb72af1fb2f.FPKM.txt.gz	Transcriptome Profiling	Gene Expression Quantification	TCGA-LIHC	TCGA-G3-AAV0	TCGA-G3-AAV0-01A	Primary Tumor
6ccb9c15-5080-4fdd-96af-8d3b7f86288e	cbb0232c-8d2d-4bc7-947f-738914fdaa3c.FPKM.txt.gz	Transcriptome Profiling	Gene Expression Quantification	TCGA-LIHC	TCGA-BC-A216	TCGA-BC-A216-11A	Solid Tissue Normal
2855d1ac-3e04-4402-bcab-2e4b1d3e204f	6cd9b90b-0c6c-44bd-8536-5a93553a7730.FPKM.txt.gz	Transcriptome Profiling	Gene Expression Quantification	TCGA-LIHC	TCGA-DD-A11D	TCGA-DD-A11D-11A	Solid Tissue Normal
1c501a52-4492-4757-aa27-c9f3c8ca69eb	8e825388-620f-4d87-8ed3-84ae6b5b7dbe.FPKM.txt.gz	Transcriptome Profiling	Gene Expression Quantification	TCGA-LIHC	TCGA-BC-A10X	TCGA-BC-A10X-01A	Primary Tumor
47d332f8-51e6-4ece-bee9-efa34824fbd4	b5d92dd1-d98b-4b9e-953e-81c04dfb1e0d.FPKM.txt.gz	Transcriptome Profiling	Gene Expression Quantification	TCGA-LIHC	TCGA-UB-A7MC	TCGA-UB-A7MC-01A	Primary Tumor
9fe4f052-f9e5-45ab-bdd0-0588c766fd64	bd21ff09-25f7-45b7-be71-1f110503eec5.FPKM.txt.gz	Transcriptome Profiling	Gene Expression Quantification	TCGA-LIHC	TCGA-DD-A39V	TCGA-DD-A39V-01A	Primary Tumor
f5253f2c-a8fe-4ac7-9336-a5821ffb7e08	8cc5cf4d-d00f-40d0-9979-1f68f154289d.FPKM.txt.gz	Transcriptome Profiling	Gene Expression Quantification	TCGA-LIHC	TCGA-DD-AACO	TCGA-DD-AACO-01A	Primary Tumor
9c66bca2-211e-4c46-80b8-d15b916f53bb	8748b83c-0c8f-42d1-8124-29cb21067d31.FPKM.txt.gz	Transcriptome Profiling	Gene Expression Quantification	TCGA-LIHC	TCGA-RC-A6M3	TCGA-RC-A6M3-01A	Primary Tumor
e52eed91-a5d8-49b0-8fee-e12d028763e7	3e2a3ad6-cc31-4b8f-9738-3266a423ccd2.FPKM.txt.gz	Transcriptome Profiling	Gene Expression Quantification	TCGA-LIHC	TCGA-DD-AACI	TCGA-DD-AACI-01A	Primary Tumor
c1ccbb58-fa1d-4544-8c14-7bd7a15ffdd3	b7abd283-60c7-415c-97da-61473d81e4ad.FPKM.txt.gz	Transcriptome Profiling	Gene Expression Quantification	TCGA-LIHC	TCGA-DD-AAD0	TCGA-DD-AAD0-01A	Primary Tumor
ff37f53d-6824-488d-b237-c2ae48ec094f	e1d3c5a4-061a-453f-bc66-a9936d0f36b5.FPKM.txt.gz	Transcriptome Profiling	Gene Expression Quantification	TCGA-LIHC	TCGA-G3-A25U	TCGA-G3-A25U-01A	Primary Tumor
3b2bab2f-cdd9-4385-b97c-d9e5ad7a0ad3	2e406733-6a86-426a-bc3a-80634a559e5d.FPKM.txt.gz	Transcriptome Profiling	Gene Expression Quantification	TCGA-LIHC	TCGA-DD-A73B	TCGA-DD-A73B-01A	Primary Tumor
68a3b682-c6a3-4936-9a37-3bad8148db35	255b8e0d-ab0e-4d19-bffb-59e9329af962.FPKM.txt.gz	Transcriptome Profiling	Gene Expression Quantification	TCGA-LIHC	TCGA-MR-A520	TCGA-MR-A520-01A	Primary Tumor
f8f6b8c2-9221-45c6-8b83-edb84c9d6df7	7ab845f8-320e-4c93-9d5c-bf66bb8d121c.FPKM.txt.gz	Transcriptome Profiling	Gene Expression Quantification	TCGA-LIHC	TCGA-2Y-A9H6	TCGA-2Y-A9H6-01A	Primary Tumor
3a663774-ffa1-4be3-acfa-9f8c1dd85a31	60b0890d-f4c0-49c0-a7d7-e493bec4f734.FPKM.txt.gz	Transcriptome Profiling	Gene Expression Quantification	TCGA-LIHC	TCGA-DD-A1EA	TCGA-DD-A1EA-01A	Primary Tumor
3759d7a8-b89f-41cd-beb3-8da0a8a18924	0069f64b-8d8f-4426-968d-23483929ee58.FPKM.txt.gz	Transcriptome Profiling	Gene Expression Quantification	TCGA-LIHC	TCGA-3K-AAZ8	TCGA-3K-AAZ8-01A	Primary Tumor
20705d70-d738-43c1-859b-248463db7c9c	4434db0c-75d6-4616-8c7f-57d48e3296c1.FPKM.txt.gz	Transcriptome Profiling	Gene Expression Quantification	TCGA-LIHC	TCGA-ZS-A9CG	TCGA-ZS-A9CG-01A	Primary Tumor
cee7912a-70a7-4a3c-9dda-d2efc73ec36d	beecd1d5-6b7e-42fc-a623-b4bdb179f87d.FPKM.txt.gz	Transcriptome Profiling	Gene Expression Quantification	TCGA-LIHC	TCGA-DD-A1EG	TCGA-DD-A1EG-01A	Primary Tumor
27982950-91c4-432d-9ed5-b8a126db8460	e208fa4d-3f65-4615-bd6e-870a52bb6da3.FPKM.txt.gz	Transcriptome Profiling	Gene Expression Quantification	TCGA-LIHC	TCGA-FV-A3R2	TCGA-FV-A3R2-01A	Primary Tumor
c55fa799-7e15-4671-8239-48ef517d8ce1	db1aad6b-c984-4aa2-b6b3-63b3ba8c25cf.FPKM.txt.gz	Transcriptome Profiling	Gene Expression Quantification	TCGA-LIHC	TCGA-EP-A12J	TCGA-EP-A12J-11A	Solid Tissue Normal
1fdb722e-b9e9-4752-a576-0da1ea73242e	747f56b4-c40f-485f-965b-b86f191fac9f.FPKM.txt.gz	Transcriptome Profiling	Gene Expression Quantification	TCGA-LIHC	TCGA-DD-A39X	TCGA-DD-A39X-01A	Primary Tumor
46c0d517-3492-4954-b05d-b1d685426e82	ace7187b-69b9-421b-a4cf-7127775a7927.FPKM.txt.gz	Transcriptome Profiling	Gene Expression Quantification	TCGA-LIHC	TCGA-DD-AACG	TCGA-DD-AACG-01A	Primary Tumor
bda57494-c4cf-49d7-a8df-dff3fa813704	25ba1cf8-ef1f-4908-a65d-b0ec0b4f5d4d.FPKM.txt.gz	Transcriptome Profiling	Gene Expression Quantification	TCGA-LIHC	TCGA-DD-A4NN	TCGA-DD-A4NN-01A	Primary Tumor
f37c9f45-bc5f-46c5-8a89-24d730c84f62	45b1a82e-e4f4-4de5-9c83-11c3ddb4259d.FPKM.txt.gz	Transcriptome Profiling	Gene Expression Quantification	TCGA-LIHC	TCGA-K7-A6G5	TCGA-K7-A6G5-01A	Primary Tumor
e1332fe2-5034-47fd-b193-5f2f83f81003	8914d6fa-ab6e-4d82-953a-fa38d396c051.FPKM.txt.gz	Transcriptome Profiling	Gene Expression Quantification	TCGA-LIHC	TCGA-MI-A75C	TCGA-MI-A75C-01A	Primary Tumor
d627ded3-3810-42a6-9949-5774f0a8925d	ea95def3-ffef-4ed0-a786-dfaf520a81eb.FPKM.txt.gz	Transcriptome Profiling	Gene Expression Quantification	TCGA-LIHC	TCGA-G3-A25S	TCGA-G3-A25S-01A	Primary Tumor
dac21ed9-d69d-4b17-b80f-f5a471c46c40	b3980a43-0b57-4fa9-8ca8-ffa4809202f1.FPKM.txt.gz	Transcriptome Profiling	Gene Expression Quantification	TCGA-LIHC	TCGA-DD-AAE3	TCGA-DD-AAE3-01A	Primary Tumor
36ebc0ec-8f2c-42de-9d35-d683144e8d83	2e066bba-1516-426e-be6d-d684a167dda4.FPKM.txt.gz	Transcriptome Profiling	Gene Expression Quantification	TCGA-LIHC	TCGA-RC-A7S9	TCGA-RC-A7S9-01A	Primary Tumor
4910d1d2-d83b-4ea3-a04a-c80fbfaea98d	91ee1d4d-90ac-428d-ad9b-0cba3222fdc5.FPKM.txt.gz	Transcriptome Profiling	Gene Expression Quantification	TCGA-LIHC	TCGA-CC-A3MC	TCGA-CC-A3MC-01A	Primary Tumor
ab9c7099-f8f3-41d5-b8ce-a27457506da9	aeaf5abc-8442-483e-a7a8-bca5bc1b4cc6.FPKM.txt.gz	Transcriptome Profiling	Gene Expression Quantification	TCGA-LIHC	TCGA-CC-A3M9	TCGA-CC-A3M9-01A	Primary Tumor
7b2314c6-c4cf-4832-8091-f2adb32d9409	1235fe2a-abed-4c88-8e82-36b0fed0c357.FPKM.txt.gz	Transcriptome Profiling	Gene Expression Quantification	TCGA-LIHC	TCGA-DD-A3A5	TCGA-DD-A3A5-01A	Primary Tumor
5f669087-2241-46c1-ac76-74e6817dbfe2	97250261-9b6c-41c8-93cf-a689def91e49.FPKM.txt.gz	Transcriptome Profiling	Gene Expression Quantification	TCGA-LIHC	TCGA-FV-A3I1	TCGA-FV-A3I1-01A	Primary Tumor
e27848ca-8c2b-4823-9031-a1bd76ac9583	6dc4b2c3-3d43-41de-baff-92ceee3daf03.FPKM.txt.gz	Transcriptome Profiling	Gene Expression Quantification	TCGA-LIHC	TCGA-ED-A7PY	TCGA-ED-A7PY-01A	Primary Tumor
ae023ce4-9e18-47a5-a7e3-34189036656c	92ee9ee1-8f03-4b53-b6c2-04d22fd692ae.FPKM.txt.gz	Transcriptome Profiling	Gene Expression Quantification	TCGA-LIHC	TCGA-G3-AAV4	TCGA-G3-AAV4-01A	Primary Tumor
36561d77-9f7e-49fe-a784-60debb614f7b	fe625352-dd2e-478d-8d21-06659f854945.FPKM.txt.gz	Transcriptome Profiling	Gene Expression Quantification	TCGA-LIHC	TCGA-DD-AADI	TCGA-DD-AADI-01A	Primary Tumor
60314fc0-2a37-4da6-8a24-c9c32a2b5906	72c0e655-1d4d-4a79-9ece-b21b93094712.FPKM.txt.gz	Transcriptome Profiling	Gene Expression Quantification	TCGA-LIHC	TCGA-FV-A3R3	TCGA-FV-A3R3-01A	Primary Tumor
292512a5-bb63-4125-97d2-2cc29ff1842a	18e687c3-7d76-4a4d-a665-95331732ef9c.FPKM.txt.gz	Transcriptome Profiling	Gene Expression Quantification	TCGA-LIHC	TCGA-CC-5261	TCGA-CC-5261-01A	Primary Tumor
914022f2-73d3-4f35-af1f-3cf71ce452d2	6c449c57-2746-4b4c-bc94-fe47cd0451d1.FPKM.txt.gz	Transcriptome Profiling	Gene Expression Quantification	TCGA-LIHC	TCGA-BW-A5NO	TCGA-BW-A5NO-01A	Primary Tumor
3f5d2ef1-e22b-4766-8caf-aa4a9e9eff27	05efced9-d60f-43ea-9b61-c6efaf902e7d.FPKM.txt.gz	Transcriptome Profiling	Gene Expression Quantification	TCGA-LIHC	TCGA-DD-A4NB	TCGA-DD-A4NB-01A	Primary Tumor
49a67761-4920-4580-9b24-b31faed8ecc0	f4172992-63e2-41d6-91d1-a82d66643aaa.FPKM.txt.gz	Transcriptome Profiling	Gene Expression Quantification	TCGA-LIHC	TCGA-DD-AACH	TCGA-DD-AACH-01A	Primary Tumor
8425b3bd-5c32-4b8b-9807-2393b6d5dcde	ad69efb1-61ab-4492-8468-9006dd00e915.FPKM.txt.gz	Transcriptome Profiling	Gene Expression Quantification	TCGA-LIHC	TCGA-CC-A8HT	TCGA-CC-A8HT-01A	Primary Tumor
73e7b287-a521-48df-a753-95119cc50b92	f7a956f8-4dc2-437a-92db-8baf8f9b3f14.FPKM.txt.gz	Transcriptome Profiling	Gene Expression Quantification	TCGA-LIHC	TCGA-2Y-A9H2	TCGA-2Y-A9H2-01A	Primary Tumor
e591c510-2bab-4140-aa4a-bab0c41f654f	73806161-f838-466b-9d0d-9053a5185d98.FPKM.txt.gz	Transcriptome Profiling	Gene Expression Quantification	TCGA-LIHC	TCGA-G3-AAV1	TCGA-G3-AAV1-01A	Primary Tumor
c2c53579-ce74-4754-8ee7-8b6c80e0523b	2b8bf629-3c22-4dcb-a9a5-ec01c5099167.FPKM.txt.gz	Transcriptome Profiling	Gene Expression Quantification	TCGA-LIHC	TCGA-BC-A10T	TCGA-BC-A10T-11A	Solid Tissue Normal
bbf81222-1697-43aa-aae7-3a72f7495286	1e82a8b5-1ad7-4e0b-ab61-41f61a3b12f6.FPKM.txt.gz	Transcriptome Profiling	Gene Expression Quantification	TCGA-LIHC	TCGA-DD-AAEB	TCGA-DD-AAEB-01A	Primary Tumor
5ea15603-b231-49d5-a367-4811a9aed980	8d78e34d-490b-4f2e-ba1a-427afe96d26e.FPKM.txt.gz	Transcriptome Profiling	Gene Expression Quantification	TCGA-LIHC	TCGA-CC-5260	TCGA-CC-5260-01A	Primary Tumor
cc8c172a-bb03-4d31-96e7-df8c60d1b79d	1bc02824-c696-404d-a652-2df8267ff5a6.FPKM.txt.gz	Transcriptome Profiling	Gene Expression Quantification	TCGA-LIHC	TCGA-2Y-A9H3	TCGA-2Y-A9H3-01A	Primary Tumor
ddd12013-fea6-442f-8510-4f7629824689	fe76a5ca-f70a-4ab7-b080-5a19ae36dc2b.FPKM.txt.gz	Transcriptome Profiling	Gene Expression Quantification	TCGA-LIHC	TCGA-G3-AAUZ	TCGA-G3-AAUZ-01A	Primary Tumor
6bd38c71-4043-4bf0-b340-eb774f7726d2	c4d82db9-6ec3-46fd-8064-473ac2ded9d7.FPKM.txt.gz	Transcriptome Profiling	Gene Expression Quantification	TCGA-LIHC	TCGA-BC-A217	TCGA-BC-A217-01A	Primary Tumor
33d36080-81f6-4ef8-bd98-67b37774c32b	712b7554-c2d3-4e05-bff0-2528aa23b1b7.FPKM.txt.gz	Transcriptome Profiling	Gene Expression Quantification	TCGA-LIHC	TCGA-DD-AADG	TCGA-DD-AADG-01A	Primary Tumor
c7f3853a-c55f-4ddc-96d7-bd7bbd81c633	31b85c24-5bb4-4886-9870-406bbefa7a80.FPKM.txt.gz	Transcriptome Profiling	Gene Expression Quantification	TCGA-LIHC	TCGA-DD-A1EI	TCGA-DD-A1EI-11A	Solid Tissue Normal
affce807-0718-44c6-bc44-f28bb684518a	3a76abb6-8b64-4a57-875c-c623476e8041.FPKM.txt.gz	Transcriptome Profiling	Gene Expression Quantification	TCGA-LIHC	TCGA-ED-A66X	TCGA-ED-A66X-01A	Primary Tumor
3f51b39f-0c26-41b1-b46f-13a6cfb0e414	63294b99-6ab0-4d56-9cef-a3f09ccc7186.FPKM.txt.gz	Transcriptome Profiling	Gene Expression Quantification	TCGA-LIHC	TCGA-FV-A3I1	TCGA-FV-A3I1-11A	Solid Tissue Normal
89a1e2ec-5639-4d15-9060-4165294086d7	a752bb9d-7530-4760-b760-b64b9930c0f0.FPKM.txt.gz	Transcriptome Profiling	Gene Expression Quantification	TCGA-LIHC	TCGA-ZP-A9CY	TCGA-ZP-A9CY-01A	Primary Tumor
b8dc0a91-58bb-4581-9d06-dd9c830aaac3	d2141823-4f44-42d5-ad67-08a28d31eb63.FPKM.txt.gz	Transcriptome Profiling	Gene Expression Quantification	TCGA-LIHC	TCGA-FV-A23B	TCGA-FV-A23B-11A	Solid Tissue Normal
061c8d3c-1130-45d6-80e7-1fdb81abe934	a9123cf0-c6c0-42e7-b546-f11dfac355ce.FPKM.txt.gz	Transcriptome Profiling	Gene Expression Quantification	TCGA-LIHC	TCGA-DD-A3A3	TCGA-DD-A3A3-11A	Solid Tissue Normal
f4ad0628-1c6c-4523-bb95-34717bb4fa03	103b1320-8c4e-44ea-9449-fdcb6b405f94.FPKM.txt.gz	Transcriptome Profiling	Gene Expression Quantification	TCGA-LIHC	TCGA-DD-A39Z	TCGA-DD-A39Z-01A	Primary Tumor
c0639bb8-d26f-4c93-8a87-2a421dde3e74	e8aae9c3-1e7d-4f47-bd78-c96f55f992db.FPKM.txt.gz	Transcriptome Profiling	Gene Expression Quantification	TCGA-LIHC	TCGA-DD-AAW1	TCGA-DD-AAW1-01A	Primary Tumor
f54ade2b-0f00-46d5-b36c-ea7988bd2e8f	40dec110-383b-4df8-bd49-209c35ae4332.FPKM.txt.gz	Transcriptome Profiling	Gene Expression Quantification	TCGA-LIHC	TCGA-DD-AADB	TCGA-DD-AADB-01A	Primary Tumor
2542b714-9561-408d-8839-924015a317d4	b4136184-2bad-4820-8e33-866d187a84c9.FPKM.txt.gz	Transcriptome Profiling	Gene Expression Quantification	TCGA-LIHC	TCGA-BD-A2L6	TCGA-BD-A2L6-01A	Primary Tumor
08a0dcf6-af92-4fea-9904-ba630aa2e74a	c4c4578a-f1c2-462a-873f-c8db84fe3a6f.FPKM.txt.gz	Transcriptome Profiling	Gene Expression Quantification	TCGA-LIHC	TCGA-DD-A115	TCGA-DD-A115-01A	Primary Tumor
d67c265a-df29-4dc3-bf8f-e2613938ba95	aee7f5f4-80e3-4ec7-ad60-d93832902e74.FPKM.txt.gz	Transcriptome Profiling	Gene Expression Quantification	TCGA-LIHC	TCGA-WQ-AB4B	TCGA-WQ-AB4B-01A	Primary Tumor
22c8a338-1abb-4eb7-a054-7187115500c6	18c32c46-00f9-4437-bdbb-05233fdd676e.FPKM.txt.gz	Transcriptome Profiling	Gene Expression Quantification	TCGA-LIHC	TCGA-BC-A3KF	TCGA-BC-A3KF-01A	Primary Tumor
8b546595-180a-43db-913b-c466994726db	09e883c0-3f17-4107-9b88-4bca65448362.FPKM.txt.gz	Transcriptome Profiling	Gene Expression Quantification	TCGA-LIHC	TCGA-DD-A4NJ	TCGA-DD-A4NJ-01A	Primary Tumor
60495dcb-10f1-4d3c-8030-57311d3e294f	e76fdeee-f996-4140-9dea-66794183e0ad.FPKM.txt.gz	Transcriptome Profiling	Gene Expression Quantification	TCGA-LIHC	TCGA-BC-A10R	TCGA-BC-A10R-11A	Solid Tissue Normal
aa8e1526-9452-41ba-970e-9f7b6b793937	6c5d7153-44a6-4b5a-97fb-d85f0c11ce2d.FPKM.txt.gz	Transcriptome Profiling	Gene Expression Quantification	TCGA-LIHC	TCGA-DD-AADC	TCGA-DD-AADC-01A	Primary Tumor
4349202d-0f4a-473d-b095-5c04cae9a23a	89e20bd9-15e5-48e6-9dfe-0b919c817216.FPKM.txt.gz	Transcriptome Profiling	Gene Expression Quantification	TCGA-LIHC	TCGA-EP-A2KA	TCGA-EP-A2KA-01A	Primary Tumor
f067988f-666f-4f9a-b541-9f15028053ea	60b2c0e0-6a0f-416e-8bcb-5c797f16fda4.FPKM.txt.gz	Transcriptome Profiling	Gene Expression Quantification	TCGA-LIHC	TCGA-DD-A4NE	TCGA-DD-A4NE-01A	Primary Tumor
1ced201b-6f13-4f44-a259-4d55ae4913b5	8990604c-6362-49e4-8949-85ddb4592ed2.FPKM.txt.gz	Transcriptome Profiling	Gene Expression Quantification	TCGA-LIHC	TCGA-K7-A5RF	TCGA-K7-A5RF-01A	Primary Tumor
82940191-1af5-4807-8d04-bebfa5e26bbe	16bbd77f-b39b-4f19-9d6b-58a21dde3e84.FPKM.txt.gz	Transcriptome Profiling	Gene Expression Quantification	TCGA-LIHC	TCGA-DD-AAE7	TCGA-DD-AAE7-01A	Primary Tumor
076b6f4e-04f3-4894-892d-91247f497d30	78dade3a-a13f-4148-ada7-c443b1d93b14.FPKM.txt.gz	Transcriptome Profiling	Gene Expression Quantification	TCGA-LIHC	TCGA-DD-AAE0	TCGA-DD-AAE0-01A	Primary Tumor
9cfbd020-dccd-4aed-9474-b773eae63c55	c7fd15b5-1f15-4fe9-b3ce-77bf232bd110.FPKM.txt.gz	Transcriptome Profiling	Gene Expression Quantification	TCGA-LIHC	TCGA-DD-A114	TCGA-DD-A114-01A	Primary Tumor
3a6d5e6e-42dc-41b2-b565-75c2084e96b4	091e483b-d050-4b2e-b1eb-7a9076c0e6bb.FPKM.txt.gz	Transcriptome Profiling	Gene Expression Quantification	TCGA-LIHC	TCGA-5C-AAPD	TCGA-5C-AAPD-01A	Primary Tumor
68b9ea02-ccc6-45da-b01d-114ff3d533f9	42dd9bb8-35a9-4032-86ba-6a0d582ea3a6.FPKM.txt.gz	Transcriptome Profiling	Gene Expression Quantification	TCGA-LIHC	TCGA-DD-AAE1	TCGA-DD-AAE1-01A	Primary Tumor
8994f48f-89a1-4369-b7f6-65cce4ec61b6	87d34b64-cd78-46db-a463-ce802f866b59.FPKM.txt.gz	Transcriptome Profiling	Gene Expression Quantification	TCGA-LIHC	TCGA-FV-A2QQ	TCGA-FV-A2QQ-01A	Primary Tumor
054392f8-77a7-4484-83c7-d4e1ad2c01bc	0ead57c5-1dc1-41b0-85b8-5b0144eadd91.FPKM.txt.gz	Transcriptome Profiling	Gene Expression Quantification	TCGA-LIHC	TCGA-CC-A5UC	TCGA-CC-A5UC-01A	Primary Tumor
e963606b-430f-489a-973d-7780bb4be9f0	ba8df5b1-264d-464d-be07-d6fb29886042.FPKM.txt.gz	Transcriptome Profiling	Gene Expression Quantification	TCGA-LIHC	TCGA-DD-A3A6	TCGA-DD-A3A6-01A	Primary Tumor
7798de47-ee01-4a91-b0de-5726ec8861f7	d1cbb686-93d8-4349-8bf5-756887c60ebc.FPKM.txt.gz	Transcriptome Profiling	Gene Expression Quantification	TCGA-LIHC	TCGA-DD-AACW	TCGA-DD-AACW-01A	Primary Tumor
b9e491f8-9165-4c35-934c-88c42ce7544a	933f420d-7898-45c3-8b0f-bef9840aea7d.FPKM.txt.gz	Transcriptome Profiling	Gene Expression Quantification	TCGA-LIHC	TCGA-BC-A10S	TCGA-BC-A10S-01A	Primary Tumor
1004fb7a-3a42-4fb0-b09e-49644b450063	0ab21a73-a03d-4ef6-954b-460e7ca4ae6d.FPKM.txt.gz	Transcriptome Profiling	Gene Expression Quantification	TCGA-LIHC	TCGA-EP-A26S	TCGA-EP-A26S-01A	Primary Tumor
61154ec5-01d7-47fa-a736-23090784d750	dad3353e-6721-4e2e-ae06-04eea4c00f12.FPKM.txt.gz	Transcriptome Profiling	Gene Expression Quantification	TCGA-LIHC	TCGA-YA-A8S7	TCGA-YA-A8S7-01A	Primary Tumor
809a5d7a-35ae-4c4a-9b83-92eead7ea699	81aa1c27-94c7-4898-b69c-77d81c63fb37.FPKM.txt.gz	Transcriptome Profiling	Gene Expression Quantification	TCGA-LIHC	TCGA-G3-A3CH	TCGA-G3-A3CH-11A	Solid Tissue Normal
7726c67e-fa7b-4ea6-bb0b-62173aee8a4d	9dd14a4d-a863-4994-b5c6-b5bec92ff818.FPKM.txt.gz	Transcriptome Profiling	Gene Expression Quantification	TCGA-LIHC	TCGA-2Y-A9H4	TCGA-2Y-A9H4-01A	Primary Tumor
5a0e8f29-aa01-43b9-a5f7-a9d9845a0edf	88c976df-a3df-4dfe-bcd4-9f4a8a2ebe3c.FPKM.txt.gz	Transcriptome Profiling	Gene Expression Quantification	TCGA-LIHC	TCGA-DD-AAVY	TCGA-DD-AAVY-01A	Primary Tumor
b91d3629-db80-4a84-ae50-05bc7a01ab91	c33e56c0-2daf-4b0b-993f-51d2d99a7b53.FPKM.txt.gz	Transcriptome Profiling	Gene Expression Quantification	TCGA-LIHC	TCGA-XR-A8TD	TCGA-XR-A8TD-01A	Primary Tumor
2b7ed1b9-04f2-45ba-a1c4-3e1c50d5c423	b77a4dde-4ac7-4c74-83c2-a2714914981b.FPKM.txt.gz	Transcriptome Profiling	Gene Expression Quantification	TCGA-LIHC	TCGA-2Y-A9H7	TCGA-2Y-A9H7-01A	Primary Tumor
ad58051a-a7d1-4fa6-bb15-336b7cdc0112	58957ce0-4efa-4194-a3e6-37984ac010c7.FPKM.txt.gz	Transcriptome Profiling	Gene Expression Quantification	TCGA-LIHC	TCGA-BC-A10X	TCGA-BC-A10X-11A	Solid Tissue Normal
90c9e818-8343-4852-9eb6-207d5d670b70	c49c187f-98e7-463d-a18b-accf3205eb81.FPKM.txt.gz	Transcriptome Profiling	Gene Expression Quantification	TCGA-LIHC	TCGA-LG-A9QD	TCGA-LG-A9QD-01A	Primary Tumor
635a1df6-8d0f-4522-a22a-3b8cabd27c8b	27ef6112-7533-4366-8fab-5db446ca5741.FPKM.txt.gz	Transcriptome Profiling	Gene Expression Quantification	TCGA-LIHC	TCGA-FV-A3I0	TCGA-FV-A3I0-01A	Primary Tumor
92f2fbb6-0cf9-4aaa-96c8-0ce41072bff2	5f72df7f-df76-4625-ab1a-e0b05237e283.FPKM.txt.gz	Transcriptome Profiling	Gene Expression Quantification	TCGA-LIHC	TCGA-2Y-A9H1	TCGA-2Y-A9H1-01A	Primary Tumor
a5044543-5628-4833-ac08-bd4ca176ff76	76c7ff87-5595-47d6-8c41-69de3d8afb10.FPKM.txt.gz	Transcriptome Profiling	Gene Expression Quantification	TCGA-LIHC	TCGA-CC-A7IF	TCGA-CC-A7IF-01A	Primary Tumor
f79a378a-a3b6-49f0-b633-990c81f03ca7	891f58dc-8883-468b-ae79-8ccb3671379e.FPKM.txt.gz	Transcriptome Profiling	Gene Expression Quantification	TCGA-LIHC	TCGA-FV-A496	TCGA-FV-A496-01A	Primary Tumor
29ab6aea-a433-4c77-ace5-e91c4e8500ce	f3e152ef-5048-4157-a195-d13ed8851170.FPKM.txt.gz	Transcriptome Profiling	Gene Expression Quantification	TCGA-LIHC	TCGA-NI-A8LF	TCGA-NI-A8LF-01A	Primary Tumor
6d6e1207-f628-4eb5-9e63-bd62ed48c765	2b9aeca7-6e3d-4f89-9bd8-3becb7d20c5b.FPKM.txt.gz	Transcriptome Profiling	Gene Expression Quantification	TCGA-LIHC	TCGA-DD-AADL	TCGA-DD-AADL-01A	Primary Tumor
3d377ac6-87f2-45ba-a452-2dfe6489d598	5fe28ffa-63af-4a8d-8512-b0742b4cded4.FPKM.txt.gz	Transcriptome Profiling	Gene Expression Quantification	TCGA-LIHC	TCGA-CC-A7II	TCGA-CC-A7II-01A	Primary Tumor
7424c47a-db3a-4e12-bfdb-98781b2ae0e1	179c5822-3d5a-42b9-adeb-46a2fefd3df8.FPKM.txt.gz	Transcriptome Profiling	Gene Expression Quantification	TCGA-LIHC	TCGA-G3-A6UC	TCGA-G3-A6UC-01A	Primary Tumor
abce9187-0834-49c4-998d-b44d2472458a	413446bc-5b88-4b58-8105-abd9cd7a5ddd.FPKM.txt.gz	Transcriptome Profiling	Gene Expression Quantification	TCGA-LIHC	TCGA-DD-AAE6	TCGA-DD-AAE6-01A	Primary Tumor
6ee94f74-f9ea-4d13-aecb-e9547dd5f924	bdd35388-0850-40ac-a21a-6bfee0c34eef.FPKM.txt.gz	Transcriptome Profiling	Gene Expression Quantification	TCGA-LIHC	TCGA-2Y-A9H9	TCGA-2Y-A9H9-01A	Primary Tumor
826edb70-df74-442b-a1ad-d18920df2bfa	81028e71-7b3f-4233-aaea-8a2d88aa9fc7.FPKM.txt.gz	Transcriptome Profiling	Gene Expression Quantification	TCGA-LIHC	TCGA-DD-AAEK	TCGA-DD-AAEK-01A	Primary Tumor
583ce8f3-b963-47ec-ad74-b43da2bcdf06	c8c2df2e-6b18-4c73-a96e-1437a64cb579.FPKM.txt.gz	Transcriptome Profiling	Gene Expression Quantification	TCGA-LIHC	TCGA-FV-A495	TCGA-FV-A495-01A	Primary Tumor
5cfc475e-2df0-4a9a-b413-87f05a8c61b3	7bb9e61e-2d41-4503-9751-009a9da74206.FPKM.txt.gz	Transcriptome Profiling	Gene Expression Quantification	TCGA-LIHC	TCGA-DD-A11A	TCGA-DD-A11A-11A	Solid Tissue Normal
3cae2ab7-9220-4855-97e4-eaf94df44492	6e146a57-21b2-4587-b888-01ed03ea9498.FPKM.txt.gz	Transcriptome Profiling	Gene Expression Quantification	TCGA-LIHC	TCGA-EP-A26S	TCGA-EP-A26S-11A	Solid Tissue Normal
37bca6a9-2a19-4e3f-b4bc-6372cfbe0748	0d9e4b58-c22f-4de0-8b0d-0b5a8e19a1af.FPKM.txt.gz	Transcriptome Profiling	Gene Expression Quantification	TCGA-LIHC	TCGA-5R-AA1D	TCGA-5R-AA1D-01A	Primary Tumor
0cdc9d01-3f5f-4cc1-aa74-b14082c0f446	d0000779-67f0-46d6-9e09-546f32a80700.FPKM.txt.gz	Transcriptome Profiling	Gene Expression Quantification	TCGA-LIHC	TCGA-FV-A3I0	TCGA-FV-A3I0-11A	Solid Tissue Normal
94a5f387-32bf-458e-9a42-92d327f3454e	e1042527-69a4-4ce8-96bc-24914df35534.FPKM.txt.gz	Transcriptome Profiling	Gene Expression Quantification	TCGA-LIHC	TCGA-DD-AADK	TCGA-DD-AADK-01A	Primary Tumor
fc167d91-5ea2-4221-b233-185abbf3798d	9abf327b-d44f-435d-986d-09107bcd2643.FPKM.txt.gz	Transcriptome Profiling	Gene Expression Quantification	TCGA-LIHC	TCGA-DD-A3A2	TCGA-DD-A3A2-11A	Solid Tissue Normal
c66712c7-3105-4c55-a10c-b4a0f28b0349	7b77e8cb-3f1d-4af7-b609-d75f912484c4.FPKM.txt.gz	Transcriptome Profiling	Gene Expression Quantification	TCGA-LIHC	TCGA-BC-A8YO	TCGA-BC-A8YO-01A	Primary Tumor
86778f2f-c614-4bea-8dad-1dd0d5e6daed	2cc2e3ce-68cd-4690-9fff-5ecf86c2f57a.FPKM.txt.gz	Transcriptome Profiling	Gene Expression Quantification	TCGA-LIHC	TCGA-FV-A3R2	TCGA-FV-A3R2-11A	Solid Tissue Normal
17dcd1bf-937f-43d9-8bfc-c9f0666f8eb2	03011a57-3e95-49d1-a927-cff4111d2d5b.FPKM.txt.gz	Transcriptome Profiling	Gene Expression Quantification	TCGA-LIHC	TCGA-G3-A5SK	TCGA-G3-A5SK-01A	Primary Tumor
bea5f2b5-1adf-4c6f-9378-83cc0dd54b36	7ea84e4b-065b-46ba-85cd-7cf945ae6ba7.FPKM.txt.gz	Transcriptome Profiling	Gene Expression Quantification	TCGA-LIHC	TCGA-DD-A3A2	TCGA-DD-A3A2-01A	Primary Tumor
9cf14ffd-734b-4fd2-9420-b9bc9f0aab10	45078ac8-6bda-4ede-b369-7cb8774c8bfb.FPKM.txt.gz	Transcriptome Profiling	Gene Expression Quantification	TCGA-LIHC	TCGA-CC-5262	TCGA-CC-5262-01A	Primary Tumor
6583b875-d08e-4073-ad74-c57401f1038c	2d7361ea-ac49-41b3-85f7-78f9af48eb12.FPKM.txt.gz	Transcriptome Profiling	Gene Expression Quantification	TCGA-LIHC	TCGA-WJ-A86L	TCGA-WJ-A86L-01A	Primary Tumor
8ee517a7-da19-407f-8514-0816215c30bd	b275a5d0-b9fe-4838-adb0-34db16a246af.FPKM.txt.gz	Transcriptome Profiling	Gene Expression Quantification	TCGA-LIHC	TCGA-DD-A1EH	TCGA-DD-A1EH-11A	Solid Tissue Normal
95c254fc-7b0d-451c-9ca9-ff05c394fe85	43366a09-bd18-463a-bd65-72303205a4f5.FPKM.txt.gz	Transcriptome Profiling	Gene Expression Quantification	TCGA-LIHC	TCGA-DD-AAVR	TCGA-DD-AAVR-01A	Primary Tumor
3a32fde3-5f08-4090-9c2e-27f6ef765513	53735683-e9b2-4745-809d-5cba358f5b41.FPKM.txt.gz	Transcriptome Profiling	Gene Expression Quantification	TCGA-LIHC	TCGA-DD-A119	TCGA-DD-A119-11A	Solid Tissue Normal
bd745fb9-583e-477f-aec4-4a28c11b46a1	75ccc143-fc7a-4e95-b75a-7eae40c9fc71.FPKM.txt.gz	Transcriptome Profiling	Gene Expression Quantification	TCGA-LIHC	TCGA-CC-A7IK	TCGA-CC-A7IK-01A	Primary Tumor
db498fe7-3fbe-49f9-85e6-cf5e9244cbd3	ced2ed64-a4ba-4bd8-a933-d9ae59c72116.FPKM.txt.gz	Transcriptome Profiling	Gene Expression Quantification	TCGA-LIHC	TCGA-DD-AAE9	TCGA-DD-AAE9-01A	Primary Tumor
912c52ec-9d9b-4538-beff-f8ee2d91ce24	1db2cfc5-346d-4398-9dd4-8b92435059fd.FPKM.txt.gz	Transcriptome Profiling	Gene Expression Quantification	TCGA-LIHC	TCGA-DD-AAVP	TCGA-DD-AAVP-01A	Primary Tumor
bc9e7871-e8f0-49a9-a404-ad4bd1bff3fe	0c172934-64ff-44dc-bdba-4c738f5692ea.FPKM.txt.gz	Transcriptome Profiling	Gene Expression Quantification	TCGA-LIHC	TCGA-DD-A4NP	TCGA-DD-A4NP-01A	Primary Tumor
62426cc6-282a-4ab4-921f-ffd7ae071121	1b78239d-edb0-4a9c-9036-49509ae0bcb9.FPKM.txt.gz	Transcriptome Profiling	Gene Expression Quantification	TCGA-LIHC	TCGA-DD-AAED	TCGA-DD-AAED-01A	Primary Tumor
fba5da83-71ed-4c9f-b251-481bb6c928b8	358f2893-02b2-4d36-9c76-b818c28b6027.FPKM.txt.gz	Transcriptome Profiling	Gene Expression Quantification	TCGA-LIHC	TCGA-DD-A3A4	TCGA-DD-A3A4-11A	Solid Tissue Normal
812669ca-242a-49b1-b541-2630849e89a4	84e37eb7-3a48-4115-803a-481080a0a4f9.FPKM.txt.gz	Transcriptome Profiling	Gene Expression Quantification	TCGA-LIHC	TCGA-DD-A39Z	TCGA-DD-A39Z-11A	Solid Tissue Normal
59d28f40-64fd-447e-a3c6-3da9bd5cde4b	e53766a6-aff2-4785-a0d0-8dfdbe6d139a.FPKM.txt.gz	Transcriptome Profiling	Gene Expression Quantification	TCGA-LIHC	TCGA-DD-A11C	TCGA-DD-A11C-11A	Solid Tissue Normal
5f3bd251-2394-4192-aae6-37443f5e72fb	0da5d80e-3b8e-4650-aa53-e266ddb3baef.FPKM.txt.gz	Transcriptome Profiling	Gene Expression Quantification	TCGA-LIHC	TCGA-DD-AACA	TCGA-DD-AACA-02B	Recurrent Tumor
cee88be0-37ca-4c3d-999c-631779bc7846	8c2ae90d-ad7e-4953-becd-839658bf46cb.FPKM.txt.gz	Transcriptome Profiling	Gene Expression Quantification	TCGA-LIHC	TCGA-DD-AADM	TCGA-DD-AADM-01A	Primary Tumor
8c04bc79-6ead-4a10-ab26-ad6ee84a939a	78e27399-eb4a-4b86-992e-3e052bad044c.FPKM.txt.gz	Transcriptome Profiling	Gene Expression Quantification	TCGA-LIHC	TCGA-GJ-A9DB	TCGA-GJ-A9DB-01A	Primary Tumor
53566f4a-8c62-4fe1-acc1-94b273924f01	3cdb19df-cdb9-443d-9f1b-99b3d9e54b47.FPKM.txt.gz	Transcriptome Profiling	Gene Expression Quantification	TCGA-LIHC	TCGA-G3-A25T	TCGA-G3-A25T-01A	Primary Tumor
881a7cb0-3afc-4c4f-8b13-dec8ca57fa2e	b49faa57-5a15-4193-9552-130d9a63eb40.FPKM.txt.gz	Transcriptome Profiling	Gene Expression Quantification	TCGA-LIHC	TCGA-G3-A7M6	TCGA-G3-A7M6-01A	Primary Tumor
d048b230-7dbf-41d5-92d4-4addac2ca9de	5d710364-39e1-426d-9439-a35d7e14303f.FPKM.txt.gz	Transcriptome Profiling	Gene Expression Quantification	TCGA-LIHC	TCGA-DD-A73C	TCGA-DD-A73C-01A	Primary Tumor
b4888e08-27c6-4e87-b4f0-59c15ddd0061	af5350ea-08b5-4dca-b83c-25a6c70c851c.FPKM.txt.gz	Transcriptome Profiling	Gene Expression Quantification	TCGA-LIHC	TCGA-ED-A97K	TCGA-ED-A97K-01A	Primary Tumor
bc024595-154b-4b23-947b-6a09dcf2239a	3b8cbefc-0e22-44c7-bbf8-3227389d0c27.FPKM.txt.gz	Transcriptome Profiling	Gene Expression Quantification	TCGA-LIHC	TCGA-LG-A6GG	TCGA-LG-A6GG-01A	Primary Tumor
a2ed1172-7e1d-43a4-997c-4570ca5f04d5	e6428ce4-635a-40a3-a7e1-7fa9064e3782.FPKM.txt.gz	Transcriptome Profiling	Gene Expression Quantification	TCGA-LIHC	TCGA-DD-A3A1	TCGA-DD-A3A1-01A	Primary Tumor
a4e52d97-364f-45d0-9136-549acbaa1d96	f4ef4ce1-b9ff-46c8-b3ac-0d2935a2606b.FPKM.txt.gz	Transcriptome Profiling	Gene Expression Quantification	TCGA-LIHC	TCGA-DD-A73A	TCGA-DD-A73A-01A	Primary Tumor
9963ee7d-f809-4538-9a05-3d5e384bca90	52d8680b-0df6-4605-bca4-3539f3e0e4f0.FPKM.txt.gz	Transcriptome Profiling	Gene Expression Quantification	TCGA-LIHC	TCGA-G3-AAV7	TCGA-G3-AAV7-01A	Primary Tumor
2a88aff5-a29d-434a-9859-c60f47bcf75e	9ccd91ba-7180-443a-b03b-f9b398c679e4.FPKM.txt.gz	Transcriptome Profiling	Gene Expression Quantification	TCGA-LIHC	TCGA-DD-A11D	TCGA-DD-A11D-01A	Primary Tumor
536e5a1d-8a50-402b-8589-189a21ff1e2d	de5fd1ba-8179-404e-80db-0bb2d161d493.FPKM.txt.gz	Transcriptome Profiling	Gene Expression Quantification	TCGA-LIHC	TCGA-CC-A9FU	TCGA-CC-A9FU-01A	Primary Tumor
1eb5ca45-367f-47b9-bf87-e71703ae51b3	fbbb6d26-8bd4-40da-870b-d8db0f653cfa.FPKM.txt.gz	Transcriptome Profiling	Gene Expression Quantification	TCGA-LIHC	TCGA-DD-AADS	TCGA-DD-AADS-01A	Primary Tumor
5366c757-f3a4-4af3-8860-605c6745251b	3f227bec-f13d-42e7-9653-22b6d70f6f5d.FPKM.txt.gz	Transcriptome Profiling	Gene Expression Quantification	TCGA-LIHC	TCGA-KR-A7K8	TCGA-KR-A7K8-01A	Primary Tumor
34d2d72b-10f5-4248-9ec6-54d59ff546cb	04dc4da1-1d1a-46da-a9d8-da9964591aec.FPKM.txt.gz	Transcriptome Profiling	Gene Expression Quantification	TCGA-LIHC	TCGA-BC-A5W4	TCGA-BC-A5W4-01A	Primary Tumor
5b7e6f62-ac5c-497f-b9b5-e42edc375b45	e48c520a-d62c-440d-b17c-5b5ff03d41a2.FPKM.txt.gz	Transcriptome Profiling	Gene Expression Quantification	TCGA-LIHC	TCGA-DD-A4NF	TCGA-DD-A4NF-01A	Primary Tumor
6ef37131-9573-4605-b459-a5ee48eae255	5745ce68-bb15-4d52-9132-4b4f6241af73.FPKM.txt.gz	Transcriptome Profiling	Gene Expression Quantification	TCGA-LIHC	TCGA-DD-A113	TCGA-DD-A113-11A	Solid Tissue Normal
3d53cbe9-601c-4115-ba65-2c0a27f79ea6	3b2dc37d-3d1c-4022-8822-a0e8f98d2949.FPKM.txt.gz	Transcriptome Profiling	Gene Expression Quantification	TCGA-LIHC	TCGA-DD-AACT	TCGA-DD-AACT-01A	Primary Tumor
4a1c374b-7c1f-4189-881b-5b37dcc52293	24f7d5af-66a8-4e25-9428-352aa3fbc8f7.FPKM.txt.gz	Transcriptome Profiling	Gene Expression Quantification	TCGA-LIHC	TCGA-DD-AAD5	TCGA-DD-AAD5-01A	Primary Tumor
35572ac5-6f08-4a3d-baec-f507ae74ff53	bc4f3a78-39a4-4a92-ad83-df251c5bf994.FPKM.txt.gz	Transcriptome Profiling	Gene Expression Quantification	TCGA-LIHC	TCGA-DD-A116	TCGA-DD-A116-11A	Solid Tissue Normal
4065e99a-7faa-46e9-88a7-68b3ea716985	ace34e34-d432-4c19-a50a-a00c9f17afbe.FPKM.txt.gz	Transcriptome Profiling	Gene Expression Quantification	TCGA-LIHC	TCGA-EP-A2KB	TCGA-EP-A2KB-01A	Primary Tumor
8cfa04ed-8fc2-4564-b353-df3925133b4e	7483e7d3-3abb-427c-a001-fef17f1ff194.FPKM.txt.gz	Transcriptome Profiling	Gene Expression Quantification	TCGA-LIHC	TCGA-2V-A95S	TCGA-2V-A95S-01A	Primary Tumor
a0153320-d5fd-49f2-8a8d-3a35697ff306	90e6d83e-fb1b-44e9-8180-8c449c3de211.FPKM.txt.gz	Transcriptome Profiling	Gene Expression Quantification	TCGA-LIHC	TCGA-BC-A10U	TCGA-BC-A10U-11A	Solid Tissue Normal
952aa685-d51b-44ea-88e9-5b07d041fbae	ee9c5d88-69be-4863-9e80-95ebd10fe530.FPKM.txt.gz	Transcriptome Profiling	Gene Expression Quantification	TCGA-LIHC	TCGA-FV-A2QR	TCGA-FV-A2QR-11A	Solid Tissue Normal
b093cd5f-edfd-4e82-a363-584db85475ef	a2a12535-77ea-414b-bd36-d9328e019d05.FPKM.txt.gz	Transcriptome Profiling	Gene Expression Quantification	TCGA-LIHC	TCGA-5R-AAAM	TCGA-5R-AAAM-01A	Primary Tumor
abbfaff0-0cd8-477a-97f4-4e8f4d549699	d68ab606-5550-4910-a4ba-d08b16dc3bc3.FPKM.txt.gz	Transcriptome Profiling	Gene Expression Quantification	TCGA-LIHC	TCGA-DD-AAD1	TCGA-DD-AAD1-01A	Primary Tumor
1d29ef60-3a99-432e-971f-2adc42b2ddd0	77b9a94e-aaa7-409c-9849-86ba7d5c061a.FPKM.txt.gz	Transcriptome Profiling	Gene Expression Quantification	TCGA-LIHC	TCGA-K7-AAU7	TCGA-K7-AAU7-01A	Primary Tumor
d3246837-5d4e-448f-8dc8-66f884700af8	ae7ee00f-b6a1-4872-8375-c87d9460a7fb.FPKM.txt.gz	Transcriptome Profiling	Gene Expression Quantification	TCGA-LIHC	TCGA-DD-AACK	TCGA-DD-AACK-01A	Primary Tumor
2b6f76d4-f11c-45c6-8863-b5f6eb6b593e	e322c611-092a-44e7-8339-c3d3a85e79d3.FPKM.txt.gz	Transcriptome Profiling	Gene Expression Quantification	TCGA-LIHC	TCGA-DD-A1EB	TCGA-DD-A1EB-01A	Primary Tumor
5b3f2c1e-90f5-442a-8689-ab8bf022da62	55b03d0c-3aae-4673-b665-1b59ec3ce87f.FPKM.txt.gz	Transcriptome Profiling	Gene Expression Quantification	TCGA-LIHC	TCGA-2Y-A9HB	TCGA-2Y-A9HB-01A	Primary Tumor
2677e16a-a959-453e-905e-954a0feb3136	1d86dc66-1a62-4cbc-9973-ae63ab754d6a.FPKM.txt.gz	Transcriptome Profiling	Gene Expression Quantification	TCGA-LIHC	TCGA-DD-A114	TCGA-DD-A114-11A	Solid Tissue Normal
e76ca5c6-11d1-47b8-bcdd-b5900dc1c55c	1a228668-b2a0-469f-8801-fdc8be449b44.FPKM.txt.gz	Transcriptome Profiling	Gene Expression Quantification	TCGA-LIHC	TCGA-DD-A1EJ	TCGA-DD-A1EJ-01A	Primary Tumor
b732f85f-f23b-40f6-93c0-09bfd14b9695	469e27d6-c526-4e71-b9c3-0485852404e3.FPKM.txt.gz	Transcriptome Profiling	Gene Expression Quantification	TCGA-LIHC	TCGA-DD-AAC9	TCGA-DD-AAC9-01A	Primary Tumor
996dc0d6-e629-470a-b76f-af62350e03c3	dba03bb7-1cf1-42b8-b197-52b85d885da7.FPKM.txt.gz	Transcriptome Profiling	Gene Expression Quantification	TCGA-LIHC	TCGA-DD-AACJ	TCGA-DD-AACJ-01A	Primary Tumor
ad431459-b16a-4ec0-add9-2b5f5999eb91	feae9113-b2f3-4dd4-9faf-6076eb32c925.FPKM.txt.gz	Transcriptome Profiling	Gene Expression Quantification	TCGA-LIHC	TCGA-DD-AAW0	TCGA-DD-AAW0-01A	Primary Tumor
d2209430-65d4-4b80-9b3c-0127d19b39c3	5af891f1-9677-40a1-a8e4-11bc5d8d1ed0.FPKM.txt.gz	Transcriptome Profiling	Gene Expression Quantification	TCGA-LIHC	TCGA-GJ-A6C0	TCGA-GJ-A6C0-01A	Primary Tumor
0c39c5ca-4978-40d9-9778-0b4d7cdebc8e	b9882fe3-d5a7-4563-9380-33b958f81bb2.FPKM.txt.gz	Transcriptome Profiling	Gene Expression Quantification	TCGA-LIHC	TCGA-DD-AAC8	TCGA-DD-AAC8-01A	Primary Tumor
bae15afd-f69f-4a8f-8b1b-cd00908da9e7	45e582b3-2364-4db5-84ad-a16242d2079f.FPKM.txt.gz	Transcriptome Profiling	Gene Expression Quantification	TCGA-LIHC	TCGA-XR-A8TE	TCGA-XR-A8TE-01A	Primary Tumor
ef0c12ad-b298-47c9-bfb6-d969416d807f	8b08c54a-b528-411d-a2f1-d935e8182d6d.FPKM.txt.gz	Transcriptome Profiling	Gene Expression Quantification	TCGA-LIHC	TCGA-DD-AAVU	TCGA-DD-AAVU-01A	Primary Tumor
0b766e80-e81b-46c7-bd2d-567a65735a5c	f43699d8-3acc-445d-8ab2-9475194ebbc9.FPKM.txt.gz	Transcriptome Profiling	Gene Expression Quantification	TCGA-LIHC	TCGA-BC-A10Z	TCGA-BC-A10Z-11A	Solid Tissue Normal
b3fc0831-a51c-4c72-8a44-13e65c70ba07	bc554982-efa1-42bb-a64e-938852b9c8e9.FPKM.txt.gz	Transcriptome Profiling	Gene Expression Quantification	TCGA-LIHC	TCGA-FV-A23B	TCGA-FV-A23B-01A	Primary Tumor
9404c7bb-7723-4923-9a9d-f92bd49b5f47	ee857c4c-e6a9-4f39-b95b-20fe46dd1ab7.FPKM.txt.gz	Transcriptome Profiling	Gene Expression Quantification	TCGA-LIHC	TCGA-2Y-A9GV	TCGA-2Y-A9GV-01A	Primary Tumor
f012dc4b-ad50-4412-98d6-fc97147f87b2	b7e1f458-b426-4e4e-b4db-e0472396198b.FPKM.txt.gz	Transcriptome Profiling	Gene Expression Quantification	TCGA-LIHC	TCGA-BC-A112	TCGA-BC-A112-01A	Primary Tumor
8e4cdec9-692e-4be2-b665-f7b35a854243	a29ab641-01a2-47fe-aec1-ee8f35682ddb.FPKM.txt.gz	Transcriptome Profiling	Gene Expression Quantification	TCGA-LIHC	TCGA-ED-A459	TCGA-ED-A459-01A	Primary Tumor
d53d1b09-9d67-4fd0-b00f-713908415292	7a425212-3b1e-4269-abd1-25d330c47a70.FPKM.txt.gz	Transcriptome Profiling	Gene Expression Quantification	TCGA-LIHC	TCGA-BC-A10Y	TCGA-BC-A10Y-01A	Primary Tumor
e21379cd-3844-4b8c-969f-05134298faf6	ae838393-741d-4210-b398-4cde0997bd94.FPKM.txt.gz	Transcriptome Profiling	Gene Expression Quantification	TCGA-LIHC	TCGA-CC-A5UD	TCGA-CC-A5UD-01A	Primary Tumor
0cfa5c26-e2bb-42ed-a756-10bd7f3b3021	0c057f64-68cb-41eb-a00b-5b9f47dbfb85.FPKM.txt.gz	Transcriptome Profiling	Gene Expression Quantification	TCGA-LIHC	TCGA-DD-A73E	TCGA-DD-A73E-01A	Primary Tumor
af528d2e-96e2-4bb5-b23c-497a9fa0d1d5	f61002eb-4763-4101-b98c-3171ebf916a7.FPKM.txt.gz	Transcriptome Profiling	Gene Expression Quantification	TCGA-LIHC	TCGA-UB-A7MF	TCGA-UB-A7MF-01A	Primary Tumor
10286cd4-21e1-41f7-ba12-3693cd98497d	e569b4a7-7863-45ea-994d-eece508bb40d.FPKM.txt.gz	Transcriptome Profiling	Gene Expression Quantification	TCGA-LIHC	TCGA-ED-A4XI	TCGA-ED-A4XI-01A	Primary Tumor
c8b151d7-1e83-42b2-bca0-153c0a81e0fa	77e29a20-68d3-4881-a3ac-a564359bbc05.FPKM.txt.gz	Transcriptome Profiling	Gene Expression Quantification	TCGA-LIHC	TCGA-2Y-A9GY	TCGA-2Y-A9GY-01A	Primary Tumor
5c0c3023-8a5a-46a0-a939-d247e2f696d5	3117a945-a7b6-488f-9b7e-96a626e78bfe.FPKM.txt.gz	Transcriptome Profiling	Gene Expression Quantification	TCGA-LIHC	TCGA-XR-A8TF	TCGA-XR-A8TF-01A	Primary Tumor
2e9ff58c-e8ff-411d-bff6-f988c5da54b0	e261f18a-3cd5-48a7-ba5e-dadba5a99673.FPKM.txt.gz	Transcriptome Profiling	Gene Expression Quantification	TCGA-LIHC	TCGA-4R-AA8I	TCGA-4R-AA8I-01A	Primary Tumor
659d48c8-2c81-4dea-8399-830699736758	94425c86-3918-4de4-a821-3912a27f098d.FPKM.txt.gz	Transcriptome Profiling	Gene Expression Quantification	TCGA-LIHC	TCGA-CC-A7IE	TCGA-CC-A7IE-01A	Primary Tumor
3273b061-fe2c-444c-859f-4600d322294f	aaec3912-230f-4418-986d-878e77480f94.FPKM.txt.gz	Transcriptome Profiling	Gene Expression Quantification	TCGA-LIHC	TCGA-KR-A7K7	TCGA-KR-A7K7-01A	Primary Tumor
e8fa760d-1bb5-48f1-94f3-74e24a9ef499	5ead465c-2dae-4ae2-97a1-5b98e9e013ec.FPKM.txt.gz	Transcriptome Profiling	Gene Expression Quantification	TCGA-LIHC	TCGA-CC-5258	TCGA-CC-5258-01A	Primary Tumor
3804814e-a91e-4c8b-a866-043768ee0923	0fc6f38a-62da-4c2f-8a72-5c34b77656e5.FPKM.txt.gz	Transcriptome Profiling	Gene Expression Quantification	TCGA-LIHC	TCGA-BD-A3EP	TCGA-BD-A3EP-01A	Primary Tumor
d2064090-40bd-4618-b18b-5e98a8f4cdab	21e07e18-23dd-4777-955e-0111f4653291.FPKM.txt.gz	Transcriptome Profiling	Gene Expression Quantification	TCGA-LIHC	TCGA-CC-A7IL	TCGA-CC-A7IL-01A	Primary Tumor
7118d8f1-b395-440a-9aff-a331b110b1cd	014b9b85-3128-416b-93d4-7ace3b676d4e.FPKM.txt.gz	Transcriptome Profiling	Gene Expression Quantification	TCGA-LIHC	TCGA-DD-A1ED	TCGA-DD-A1ED-01A	Primary Tumor
38c4fe77-3c0c-4577-b880-861d4450fbb2	eab5b6fd-7f4d-41a8-83cb-5b09161b95cc.FPKM.txt.gz	Transcriptome Profiling	Gene Expression Quantification	TCGA-LIHC	TCGA-CC-A123	TCGA-CC-A123-01A	Primary Tumor
edf26795-5e30-4e42-b9f6-e65a7ec45436	79e71329-9a1d-45b3-b8d1-a9ca02c4ca6c.FPKM.txt.gz	Transcriptome Profiling	Gene Expression Quantification	TCGA-LIHC	TCGA-DD-A11B	TCGA-DD-A11B-01A	Primary Tumor
2e853edd-62b9-4893-b8bb-fe7cf32c9678	a80aee05-477e-4ee9-a125-c5392b58364b.FPKM.txt.gz	Transcriptome Profiling	Gene Expression Quantification	TCGA-LIHC	TCGA-G3-A25Y	TCGA-G3-A25Y-01A	Primary Tumor
1a79b73f-85e2-43c6-9203-a93298958ebc	c395b751-dbb2-4efb-8e7b-5d000a456cdc.FPKM.txt.gz	Transcriptome Profiling	Gene Expression Quantification	TCGA-LIHC	TCGA-DD-AAD8	TCGA-DD-AAD8-01A	Primary Tumor
0cdadd53-909f-4a32-8368-d7170afa1276	d5fd715a-cf6d-4b29-ad9d-b3e58c55262a.FPKM.txt.gz	Transcriptome Profiling	Gene Expression Quantification	TCGA-LIHC	TCGA-CC-A8HV	TCGA-CC-A8HV-01A	Primary Tumor
38c570d2-4a58-4fc1-933a-fdb841dc52a9	047bd029-d63b-4f25-8a73-b95ad72d434f.FPKM.txt.gz	Transcriptome Profiling	Gene Expression Quantification	TCGA-LIHC	TCGA-DD-AAVW	TCGA-DD-AAVW-01A	Primary Tumor
5596a375-4cc4-4212-a813-cfe85ec84271	98380eb7-4de1-4e3a-989c-eedf6eec2977.FPKM.txt.gz	Transcriptome Profiling	Gene Expression Quantification	TCGA-LIHC	TCGA-2Y-A9GZ	TCGA-2Y-A9GZ-01A	Primary Tumor
7c04d34c-91e4-4802-b5e4-40a935e22215	396ec309-26d8-4070-9da1-c0ecd5c0aefe.FPKM.txt.gz	Transcriptome Profiling	Gene Expression Quantification	TCGA-LIHC	TCGA-DD-AACV	TCGA-DD-AACV-01A	Primary Tumor
cdb883b6-3a64-483c-b82a-883cd0842225	c45cd340-4895-400a-a50e-19df90b67355.FPKM.txt.gz	Transcriptome Profiling	Gene Expression Quantification	TCGA-LIHC	TCGA-CC-A7IG	TCGA-CC-A7IG-01A	Primary Tumor
3f2206a4-5037-44a3-8cd5-13fcc4be270d	48a16942-1858-40a9-b4b1-40477f24822d.FPKM.txt.gz	Transcriptome Profiling	Gene Expression Quantification	TCGA-LIHC	TCGA-DD-AADV	TCGA-DD-AADV-01A	Primary Tumor
9a1834e2-7286-43ad-b777-42ff5048dcbf	4f98f650-bcf4-4145-97fd-3d532ce20247.FPKM.txt.gz	Transcriptome Profiling	Gene Expression Quantification	TCGA-LIHC	TCGA-ES-A2HS	TCGA-ES-A2HS-01A	Primary Tumor
60a2e0f2-17d1-4b8c-a4c0-f43871971daf	e339d95e-67d0-4710-9bea-f0fb07c638e2.FPKM.txt.gz	Transcriptome Profiling	Gene Expression Quantification	TCGA-LIHC	TCGA-DD-AAVS	TCGA-DD-AAVS-01A	Primary Tumor
f36321ad-2d90-4ae2-89c5-9886c6527211	63686352-4585-490f-b795-82da33a33843.FPKM.txt.gz	Transcriptome Profiling	Gene Expression Quantification	TCGA-LIHC	TCGA-DD-AAD3	TCGA-DD-AAD3-01A	Primary Tumor
30cd8f40-8523-4668-a864-b41578594bc0	63c5f5db-c0c1-45bf-8bab-6e7958ca4904.FPKM.txt.gz	Transcriptome Profiling	Gene Expression Quantification	TCGA-LIHC	TCGA-ZP-A9D1	TCGA-ZP-A9D1-01A	Primary Tumor
76d017ba-7855-40c6-9f8e-e1bc12e2b36e	3f87f996-3fc0-48eb-89c5-7bfdc5e72dce.FPKM.txt.gz	Transcriptome Profiling	Gene Expression Quantification	TCGA-LIHC	TCGA-ZP-A9D2	TCGA-ZP-A9D2-01A	Primary Tumor
69c84fa4-1f42-4884-92f1-5917f02631c5	33b759c0-0b57-403a-8426-122df5881832.FPKM.txt.gz	Transcriptome Profiling	Gene Expression Quantification	TCGA-LIHC	TCGA-LG-A9QC	TCGA-LG-A9QC-01A	Primary Tumor
54e64c1a-8389-4451-bef4-c75c16562d76	75adfb0c-a04e-46c6-b5d3-ccc41122f798.FPKM.txt.gz	Transcriptome Profiling	Gene Expression Quantification	TCGA-LIHC	TCGA-HP-A5N0	TCGA-HP-A5N0-01A	Primary Tumor
48c91f45-ce1a-4b21-98c8-7f08c16d1c62	247cf0a0-bb25-4a18-a5c8-a4b8a43319e0.FPKM.txt.gz	Transcriptome Profiling	Gene Expression Quantification	TCGA-LIHC	TCGA-DD-A119	TCGA-DD-A119-01A	Primary Tumor
766cd02a-2945-4e40-ac6b-1f10cbd58d9a	0be33abe-6d06-44fa-9dbf-e76a5a2a6a96.FPKM.txt.gz	Transcriptome Profiling	Gene Expression Quantification	TCGA-LIHC	TCGA-G3-A25V	TCGA-G3-A25V-01A	Primary Tumor
6f130091-9e52-4630-83f3-6c26da2bbe13	55aba8fb-d90d-4c7c-9161-2ded53639b39.FPKM.txt.gz	Transcriptome Profiling	Gene Expression Quantification	TCGA-LIHC	TCGA-G3-A5SJ	TCGA-G3-A5SJ-01A	Primary Tumor
4088c038-c007-4712-870e-4ada9617f018	3e707c2d-0bd2-4c0a-999e-acc0051f37ab.FPKM.txt.gz	Transcriptome Profiling	Gene Expression Quantification	TCGA-LIHC	TCGA-DD-AACA	TCGA-DD-AACA-01A	Primary Tumor
72accbef-4357-45e3-9d31-5dd4eb8d3ded	932b63bf-d723-40dd-a5f5-21830b8ea06e.FPKM.txt.gz	Transcriptome Profiling	Gene Expression Quantification	TCGA-LIHC	TCGA-MI-A75E	TCGA-MI-A75E-01A	Primary Tumor
40ac6eaf-8ee1-4683-9225-7c3630e07bf6	198ca92e-342e-4890-8ec3-45b045711531.FPKM.txt.gz	Transcriptome Profiling	Gene Expression Quantification	TCGA-LIHC	TCGA-K7-A5RG	TCGA-K7-A5RG-01A	Primary Tumor
57772d3f-6673-432d-8238-40bae04b76ad	04e7f1a4-3173-4a6f-af60-04e1f2e29868.FPKM.txt.gz	Transcriptome Profiling	Gene Expression Quantification	TCGA-LIHC	TCGA-UB-AA0U	TCGA-UB-AA0U-01A	Primary Tumor
e4d327c0-0daf-46d4-bc92-1fd4c4a51f86	6892a129-ae07-49df-a018-30c63c4d3bd7.FPKM.txt.gz	Transcriptome Profiling	Gene Expression Quantification	TCGA-LIHC	TCGA-EP-A3RK	TCGA-EP-A3RK-11A	Solid Tissue Normal
c01ccefa-72b8-40c9-a49d-8ac7ba274e9e	fe506b98-0733-43c9-943a-be9b12f1c2fb.FPKM.txt.gz	Transcriptome Profiling	Gene Expression Quantification	TCGA-LIHC	TCGA-BC-A10Y	TCGA-BC-A10Y-11A	Solid Tissue Normal
9bf13de3-9ca2-4bbf-9c6d-9376556f3752	0af9253b-06d3-44ad-a30d-564d9becf487.FPKM.txt.gz	Transcriptome Profiling	Gene Expression Quantification	TCGA-LIHC	TCGA-CC-A7IH	TCGA-CC-A7IH-01A	Primary Tumor
c20d2386-3005-4f02-9b85-5cc3ac4554f7	f32c1def-c5c6-4076-966e-ae5f7233060a.FPKM.txt.gz	Transcriptome Profiling	Gene Expression Quantification	TCGA-LIHC	TCGA-DD-A4NO	TCGA-DD-A4NO-01A	Primary Tumor
db7ed07f-044e-4408-b9ae-04adf684ba22	c0cf3f59-906f-4f27-8392-b06c7f449910.FPKM.txt.gz	Transcriptome Profiling	Gene Expression Quantification	TCGA-LIHC	TCGA-RC-A7SK	TCGA-RC-A7SK-01A	Primary Tumor
e8a651c0-2893-456b-8559-fd1ecfa84396	c984ae11-386b-40c9-afcd-584ef9607532.FPKM.txt.gz	Transcriptome Profiling	Gene Expression Quantification	TCGA-LIHC	TCGA-DD-AADO	TCGA-DD-AADO-01A	Primary Tumor
c8546523-a711-4b5f-97ff-7a3c6ca9413f	51c2d807-7ee6-4b42-a6a7-3eb14f987bc0.FPKM.txt.gz	Transcriptome Profiling	Gene Expression Quantification	TCGA-LIHC	TCGA-DD-A4NQ	TCGA-DD-A4NQ-01A	Primary Tumor
f1c1ceb4-e395-4c85-8a33-622f0c856c38	25ae86cf-7b57-47e8-94d3-8aadaa442cb1.FPKM.txt.gz	Transcriptome Profiling	Gene Expression Quantification	TCGA-LIHC	TCGA-DD-AADQ	TCGA-DD-AADQ-01A	Primary Tumor
a07537e6-59e0-4a60-b438-edfc2d37eb0a	f12dd1af-3bf8-4122-a18d-ea5619056430.FPKM.txt.gz	Transcriptome Profiling	Gene Expression Quantification	TCGA-LIHC	TCGA-DD-A4NL	TCGA-DD-A4NL-01A	Primary Tumor
e308c4e3-3184-4c38-9462-16eab825240f	d7561963-2c69-493c-bfb9-e357407dd70d.FPKM.txt.gz	Transcriptome Profiling	Gene Expression Quantification	TCGA-LIHC	TCGA-DD-A4NK	TCGA-DD-A4NK-01A	Primary Tumor
01a3c0d9-5ac6-4387-b47a-59945dacbd16	323f9334-d360-4bb5-925c-8750bd1b20d2.FPKM.txt.gz	Transcriptome Profiling	Gene Expression Quantification	TCGA-LIHC	TCGA-BD-A3EP	TCGA-BD-A3EP-11A	Solid Tissue Normal
94781c0c-eab7-4576-8381-2f4488ea7ea8	b58424e4-66bd-4e53-bd37-ca2df9bf3601.FPKM.txt.gz	Transcriptome Profiling	Gene Expression Quantification	TCGA-LIHC	TCGA-DD-AACA	TCGA-DD-AACA-02A	Recurrent Tumor
cababc42-111b-45d1-80c4-7d6c5f1a6974	2baabd07-b92c-4ac1-8de7-3d8df4f4a80b.FPKM.txt.gz	Transcriptome Profiling	Gene Expression Quantification	TCGA-LIHC	TCGA-BC-A3KG	TCGA-BC-A3KG-01A	Primary Tumor
7c06a765-2099-4fc1-a59b-f543ffedc5ee	abe89868-a84c-42e9-8380-26e8cbde31da.FPKM.txt.gz	Transcriptome Profiling	Gene Expression Quantification	TCGA-LIHC	TCGA-CC-A8HS	TCGA-CC-A8HS-01A	Primary Tumor
3df192ee-39b8-4ca1-b213-702b57f9041d	0b530162-4c93-42cb-a2b0-4948d19963bd.FPKM.txt.gz	Transcriptome Profiling	Gene Expression Quantification	TCGA-LIHC	TCGA-CC-5263	TCGA-CC-5263-01A	Primary Tumor
f1a708e7-0f8c-4716-81d4-0d4db5d191c6	38ed53de-d5bc-4c94-8f5d-c2b8e8e65782.FPKM.txt.gz	Transcriptome Profiling	Gene Expression Quantification	TCGA-LIHC	TCGA-BC-A10W	TCGA-BC-A10W-11A	Solid Tissue Normal
551cfea5-c4e7-47cb-ac10-ad2aea7e4fda	2332d0de-9bc6-44e0-b1d4-03fb037b2568.FPKM.txt.gz	Transcriptome Profiling	Gene Expression Quantification	TCGA-LIHC	TCGA-DD-AACN	TCGA-DD-AACN-01A	Primary Tumor
837e2992-d52b-435a-b43d-92316c68bcfe	a762a98f-9041-47e2-8561-46fa6e396f12.FPKM.txt.gz	Transcriptome Profiling	Gene Expression Quantification	TCGA-LIHC	TCGA-WQ-A9G7	TCGA-WQ-A9G7-01A	Primary Tumor
3b19355a-7801-4930-b4f2-58d431fee4fa	8a92dbf2-4550-4e57-a08b-d46905998039.FPKM.txt.gz	Transcriptome Profiling	Gene Expression Quantification	TCGA-LIHC	TCGA-BW-A5NP	TCGA-BW-A5NP-01A	Primary Tumor
5e7ce4cc-ba21-4086-99df-9d68be89a731	7e89e4df-ec9b-4c7c-a8ee-e8caf854470b.FPKM.txt.gz	Transcriptome Profiling	Gene Expression Quantification	TCGA-LIHC	TCGA-BW-A5NQ	TCGA-BW-A5NQ-01A	Primary Tumor
81b2a185-1397-4146-9461-9d648ccf513d	101685f2-3131-40b2-9aa8-6458f0388b04.FPKM.txt.gz	Transcriptome Profiling	Gene Expression Quantification	TCGA-LIHC	TCGA-DD-A11C	TCGA-DD-A11C-01A	Primary Tumor
0e9e2363-6ba6-4532-b381-2ed78a1f8f58	9e64fa31-bd7a-4c8b-a831-2ecbf9b91bb8.FPKM.txt.gz	Transcriptome Profiling	Gene Expression Quantification	TCGA-LIHC	TCGA-2Y-A9GU	TCGA-2Y-A9GU-01A	Primary Tumor
1fd858e6-b5c1-4afb-ae96-648455aa09f6	e8e40aea-8fc6-4f92-a4aa-74f94002e5c1.FPKM.txt.gz	Transcriptome Profiling	Gene Expression Quantification	TCGA-LIHC	TCGA-BC-A216	TCGA-BC-A216-01A	Primary Tumor
18534d21-2789-417a-8a1f-2b98d7f0d94d	7d33bc3c-12ad-4719-b387-8350cfae8629.FPKM.txt.gz	Transcriptome Profiling	Gene Expression Quantification	TCGA-LIHC	TCGA-DD-AAEA	TCGA-DD-AAEA-01A	Primary Tumor
8490e16f-975f-4618-a561-e0621f3bc75b	73756e81-79a2-4bff-96e7-99f038306b3e.FPKM.txt.gz	Transcriptome Profiling	Gene Expression Quantification	TCGA-LIHC	TCGA-DD-A4ND	TCGA-DD-A4ND-01A	Primary Tumor
6482ba73-a119-4462-8fd4-3fef0a1d733f	86c79876-a046-40f4-bf8f-ead372644af4.FPKM.txt.gz	Transcriptome Profiling	Gene Expression Quantification	TCGA-LIHC	TCGA-2Y-A9GT	TCGA-2Y-A9GT-01A	Primary Tumor
15f49830-4b01-40d8-b366-3dfc9f0f189d	d5669551-6d52-45f7-b396-50c85eeb6c6e.FPKM.txt.gz	Transcriptome Profiling	Gene Expression Quantification	TCGA-LIHC	TCGA-ZP-A9D0	TCGA-ZP-A9D0-01A	Primary Tumor
dbe09d56-3dee-4e42-98f3-4b05b46db1d4	e1cec351-e1b5-442e-8167-3f85feb6a37a.FPKM.txt.gz	Transcriptome Profiling	Gene Expression Quantification	TCGA-LIHC	TCGA-DD-AAVZ	TCGA-DD-AAVZ-01A	Primary Tumor
56cde55f-4338-4a66-815b-bfe6043d7b79	063411ca-874c-49ff-85c2-b6946f43df4e.FPKM.txt.gz	Transcriptome Profiling	Gene Expression Quantification	TCGA-LIHC	TCGA-NI-A4U2	TCGA-NI-A4U2-01A	Primary Tumor
8a46fe61-8696-4730-9f23-de41b23fbe99	c3c49837-1a3d-418b-9965-00fc4cdcc656.FPKM.txt.gz	Transcriptome Profiling	Gene Expression Quantification	TCGA-LIHC	TCGA-DD-AACS	TCGA-DD-AACS-01A	Primary Tumor
a0399d7b-9cdc-47a1-bf0f-8138c76f5c7f	ec5efe71-01bf-4242-88ad-f94e224a7296.FPKM.txt.gz	Transcriptome Profiling	Gene Expression Quantification	TCGA-LIHC	TCGA-DD-A4NV	TCGA-DD-A4NV-01A	Primary Tumor
4eaa593c-af3d-4c2c-8a20-12899a315cc8	e2ceb72b-1bae-4d1e-882b-1c6886460fe2.FPKM.txt.gz	Transcriptome Profiling	Gene Expression Quantification	TCGA-LIHC	TCGA-ZP-A9CV	TCGA-ZP-A9CV-01A	Primary Tumor
ac558fa7-d896-498d-9948-21af4b134de0	697d372a-b7b7-46fa-8f96-9a11997e47b8.FPKM.txt.gz	Transcriptome Profiling	Gene Expression Quantification	TCGA-LIHC	TCGA-ED-A7XO	TCGA-ED-A7XO-01A	Primary Tumor
2437cfb6-577e-492c-9993-3a7863a8007f	5f94c33f-588b-4b6a-9c13-4505b0f94403.FPKM.txt.gz	Transcriptome Profiling	Gene Expression Quantification	TCGA-LIHC	TCGA-DD-A3A1	TCGA-DD-A3A1-11A	Solid Tissue Normal
242e5908-035e-4a66-b6ea-0255c92e25f2	fca37687-75b4-4ca6-9963-36b468ca01a7.FPKM.txt.gz	Transcriptome Profiling	Gene Expression Quantification	TCGA-LIHC	TCGA-DD-AAEE	TCGA-DD-AAEE-01A	Primary Tumor
1f11de37-b6a8-418f-a761-845b529f9645	c57dcbfa-e011-42a6-ab36-2658a0f64370.FPKM.txt.gz	Transcriptome Profiling	Gene Expression Quantification	TCGA-LIHC	TCGA-DD-A1EB	TCGA-DD-A1EB-11A	Solid Tissue Normal
4a0c9c6c-c620-48f6-a5c9-cf8305c98d25	8eded011-a9f5-4b5d-b83b-482229a1ae24.FPKM.txt.gz	Transcriptome Profiling	Gene Expression Quantification	TCGA-LIHC	TCGA-CC-A3MB	TCGA-CC-A3MB-01A	Primary Tumor
17274128-f17e-4707-8f6a-3d18dbf70c0c	104c7c7e-583a-4496-a685-5d277e28c11b.FPKM.txt.gz	Transcriptome Profiling	Gene Expression Quantification	TCGA-LIHC	TCGA-CC-A8HU	TCGA-CC-A8HU-01A	Primary Tumor
705caaa6-cb37-4ffe-a7fd-14c92aa57d2c	eed21a5a-30db-45a0-9b60-3f6a91b38cb6.FPKM.txt.gz	Transcriptome Profiling	Gene Expression Quantification	TCGA-LIHC	TCGA-DD-A4NA	TCGA-DD-A4NA-01A	Primary Tumor
a03abaa9-ddc6-4299-a279-36a7a891d82a	f21fe726-7df8-42f5-b91a-6be82edcab80.FPKM.txt.gz	Transcriptome Profiling	Gene Expression Quantification	TCGA-LIHC	TCGA-DD-AAE2	TCGA-DD-AAE2-01A	Primary Tumor
d8ab0d25-44d7-4cde-8551-cbff3b3e8497	89eb1fc8-6b38-446e-a4b0-fb9c520298dc.FPKM.txt.gz	Transcriptome Profiling	Gene Expression Quantification	TCGA-LIHC	TCGA-RG-A7D4	TCGA-RG-A7D4-01A	Primary Tumor
4902429b-7941-4be5-b142-51bf3b96a575	b249613a-e4d8-4b85-9796-f056baf02018.FPKM.txt.gz	Transcriptome Profiling	Gene Expression Quantification	TCGA-LIHC	TCGA-G3-AAV2	TCGA-G3-AAV2-01A	Primary Tumor
40aa1789-f77b-4569-aa6f-a8db2e91ee82	3cf13c36-0dbc-41a2-8ef0-424547be8a75.FPKM.txt.gz	Transcriptome Profiling	Gene Expression Quantification	TCGA-LIHC	TCGA-ZS-A9CD	TCGA-ZS-A9CD-01A	Primary Tumor
89be0b6d-cf46-4431-9e6d-d25662bbeef2	40f1025b-3f94-4ee2-bfdc-a61d810e5d67.FPKM.txt.gz	Transcriptome Profiling	Gene Expression Quantification	TCGA-LIHC	TCGA-DD-AADJ	TCGA-DD-AADJ-01A	Primary Tumor
32b3a861-8635-4f85-995d-5b66433f9d0d	aa557978-afb8-463b-92a6-5407695ba176.FPKM.txt.gz	Transcriptome Profiling	Gene Expression Quantification	TCGA-LIHC	TCGA-DD-A11A	TCGA-DD-A11A-01A	Primary Tumor
6233bb90-a69e-4468-baaf-83b72453078f	3b3fda1a-03b9-46bf-abce-ee6cc1ee411e.FPKM.txt.gz	Transcriptome Profiling	Gene Expression Quantification	TCGA-LIHC	TCGA-BC-A69H	TCGA-BC-A69H-01A	Primary Tumor
cd0c42be-23a1-45e9-84af-9cbead6f79c1	1d782a72-61f3-4002-bee5-67daeb8244e3.FPKM.txt.gz	Transcriptome Profiling	Gene Expression Quantification	TCGA-LIHC	TCGA-DD-AADR	TCGA-DD-AADR-01A	Primary Tumor
369ad195-89a1-439d-97d9-7669bae934ca	7f86ace4-9a17-4b17-8a79-3b2ef53f62c3.FPKM.txt.gz	Transcriptome Profiling	Gene Expression Quantification	TCGA-LIHC	TCGA-DD-A3A7	TCGA-DD-A3A7-01A	Primary Tumor
61c10a2d-f49b-4efd-98da-added0f6f80d	0961790c-f494-4fc4-8ffa-dd895bc9efca.FPKM.txt.gz	Transcriptome Profiling	Gene Expression Quantification	TCGA-LIHC	TCGA-O8-A75V	TCGA-O8-A75V-01A	Primary Tumor
be018f49-8b47-45d6-9958-72644c7e0a42	b1a96999-3357-4e09-bdd4-e6c7ed1575d5.FPKM.txt.gz	Transcriptome Profiling	Gene Expression Quantification	TCGA-LIHC	TCGA-G3-A7M5	TCGA-G3-A7M5-01A	Primary Tumor
a0341c81-a6ff-4da6-8035-532ba7eb1d1b	ffeed225-c2a3-4b4c-954c-4816903782a9.FPKM.txt.gz	Transcriptome Profiling	Gene Expression Quantification	TCGA-LIHC	TCGA-ED-A5KG	TCGA-ED-A5KG-01A	Primary Tumor
730548e5-e36d-4c83-a3f3-54695f5c197d	e4d48564-e021-4bbc-bc00-145e9d64b501.FPKM.txt.gz	Transcriptome Profiling	Gene Expression Quantification	TCGA-LIHC	TCGA-G3-AAV5	TCGA-G3-AAV5-01A	Primary Tumor
95e6e420-6b86-4034-aa6c-369c38c8840a	7a3a131b-883d-4f82-8b3b-ede7733f68d8.FPKM.txt.gz	Transcriptome Profiling	Gene Expression Quantification	TCGA-LIHC	TCGA-DD-A1EJ	TCGA-DD-A1EJ-11A	Solid Tissue Normal
85d048eb-149d-4623-a6fd-53130866d0aa	e4d84c7f-df9a-48c4-9269-aa15fa20e103.FPKM.txt.gz	Transcriptome Profiling	Gene Expression Quantification	TCGA-LIHC	TCGA-DD-A3A9	TCGA-DD-A3A9-01A	Primary Tumor
f0ca77bb-b2f2-4399-8243-87426d9bfc1f	88f04bea-2fa9-45ef-b1b0-8e199b6abad7.FPKM.txt.gz	Transcriptome Profiling	Gene Expression Quantification	TCGA-LIHC	TCGA-UB-A7ME	TCGA-UB-A7ME-01A	Primary Tumor
0fbaa5ba-e785-4de2-993f-9640b7d5cd16	efd191af-85cb-43d6-a661-e5248e974682.FPKM.txt.gz	Transcriptome Profiling	Gene Expression Quantification	TCGA-LIHC	TCGA-DD-A39W	TCGA-DD-A39W-01A	Primary Tumor
e3c32fb9-cb41-4136-b971-07fd724f877d	75e0a216-2200-4c63-81a5-1e8d6ef4d559.FPKM.txt.gz	Transcriptome Profiling	Gene Expression Quantification	TCGA-LIHC	TCGA-EP-A2KC	TCGA-EP-A2KC-01A	Primary Tumor
553070db-5739-4319-b436-212d66038e89	24bd4e57-7f8f-4c1a-9f1d-af5e5f46c2ce.FPKM.txt.gz	Transcriptome Profiling	Gene Expression Quantification	TCGA-LIHC	TCGA-RC-A6M5	TCGA-RC-A6M5-01A	Primary Tumor
3ae1cd68-8623-4efa-8024-4b86e293e537	88b672a0-5f7a-4a94-bb74-1f409984e02a.FPKM.txt.gz	Transcriptome Profiling	Gene Expression Quantification	TCGA-LIHC	TCGA-BC-A110	TCGA-BC-A110-01A	Primary Tumor
28b7bd7a-739d-4319-aae8-e19dbdb6c823	69445314-a0b0-4b88-8aab-6f4659249288.FPKM.txt.gz	Transcriptome Profiling	Gene Expression Quantification	TCGA-LIHC	TCGA-RC-A7SB	TCGA-RC-A7SB-01A	Primary Tumor
2cca55e5-5f9e-4d78-a738-e0f2d0ce5b49	e621bfc8-6557-450e-8e4a-3f754294cb20.FPKM.txt.gz	Transcriptome Profiling	Gene Expression Quantification	TCGA-LIHC	TCGA-BC-A10Q	TCGA-BC-A10Q-01A	Primary Tumor
210dfc10-9360-4d13-ace5-d77e5990fc84	b3eed489-5a7e-445d-b90f-13bf4742c446.FPKM.txt.gz	Transcriptome Profiling	Gene Expression Quantification	TCGA-LIHC	TCGA-DD-A118	TCGA-DD-A118-01A	Primary Tumor
76256305-2a3f-4039-95fe-09575e78182a	b3ef98ef-0843-478d-a6d5-c42a1abccc53.FPKM.txt.gz	Transcriptome Profiling	Gene Expression Quantification	TCGA-LIHC	TCGA-BC-A10T	TCGA-BC-A10T-01A	Primary Tumor
0d07b537-22aa-4968-906e-9d3c9c0779ad	d9d768d6-f9e2-4d6e-bc23-7842d3413d41.FPKM.txt.gz	Transcriptome Profiling	Gene Expression Quantification	TCGA-LIHC	TCGA-MR-A8JO	TCGA-MR-A8JO-01A	Primary Tumor
edd8a706-165c-4e7f-bb0e-5657d2143866	5fdaa290-e3ab-498c-a31a-b09583541c53.FPKM.txt.gz	Transcriptome Profiling	Gene Expression Quantification	TCGA-LIHC	TCGA-2Y-A9GX	TCGA-2Y-A9GX-01A	Primary Tumor
9355672e-2b27-4b0d-89c8-cc557d7051c5	8ee536bb-54fb-482d-82c1-e9fba4156569.FPKM.txt.gz	Transcriptome Profiling	Gene Expression Quantification	TCGA-LIHC	TCGA-DD-AACU	TCGA-DD-AACU-01A	Primary Tumor
5c96f86c-8164-4ebf-8d68-8e4b6b184a89	b0f94976-bb47-4bcc-a64c-22a07d6b1d73.FPKM.txt.gz	Transcriptome Profiling	Gene Expression Quantification	TCGA-LIHC	TCGA-DD-A4NI	TCGA-DD-A4NI-01A	Primary Tumor
156eaaf6-96ce-44e9-9fa3-6f1db0399332	3243c347-c219-487f-87fa-ec4046feee81.FPKM.txt.gz	Transcriptome Profiling	Gene Expression Quantification	TCGA-LIHC	TCGA-G3-A3CI	TCGA-G3-A3CI-01A	Primary Tumor
63a0969b-4c2a-448a-9641-9731559d8581	429c985a-3f84-4f99-91c0-710b33d82646.FPKM.txt.gz	Transcriptome Profiling	Gene Expression Quantification	TCGA-LIHC	TCGA-DD-A73G	TCGA-DD-A73G-01A	Primary Tumor
00bb33c9-2d73-46a2-9e54-0d7e3ff4967c	df44de4c-6ad7-4b45-b3e9-6543c32c2d8f.FPKM.txt.gz	Transcriptome Profiling	Gene Expression Quantification	TCGA-LIHC	TCGA-ED-A7PZ	TCGA-ED-A7PZ-01A	Primary Tumor
717bc39a-daa6-4bc8-8107-f50fcbb6eb8c	fb94b719-4a43-4090-9a61-9f62a30d545d.FPKM.txt.gz	Transcriptome Profiling	Gene Expression Quantification	TCGA-LIHC	TCGA-CC-A9FS	TCGA-CC-A9FS-01A	Primary Tumor
77174814-8de5-4d0f-8058-0685c188e953	083f6f8d-e089-4d01-8a88-a86d9d080e54.FPKM.txt.gz	Transcriptome Profiling	Gene Expression Quantification	TCGA-LIHC	TCGA-CC-A3MA	TCGA-CC-A3MA-01A	Primary Tumor
d71f9d3f-1012-4cee-a929-822dd9685bbb	3e0831c0-6726-4f71-9cba-faaeea280cf9.FPKM.txt.gz	Transcriptome Profiling	Gene Expression Quantification	TCGA-LIHC	TCGA-DD-A4NH	TCGA-DD-A4NH-01A	Primary Tumor
9f027f3b-3381-4237-8753-6bf329cac857	c033ed0e-19b5-4fbf-870d-5fe5559c51dc.FPKM.txt.gz	Transcriptome Profiling	Gene Expression Quantification	TCGA-LIHC	TCGA-DD-AADD	TCGA-DD-AADD-01A	Primary Tumor
bc63e37c-e534-4da4-afc6-5f9f194b9398	4077e82f-cb78-4977-bd03-600a3da93ffb.FPKM.txt.gz	Transcriptome Profiling	Gene Expression Quantification	TCGA-LIHC	TCGA-2Y-A9H5	TCGA-2Y-A9H5-01A	Primary Tumor
36b7a561-0e13-4460-bb1e-fe7584fcbbd4	7f725b69-8725-4b10-b5c3-24220ddfc144.FPKM.txt.gz	Transcriptome Profiling	Gene Expression Quantification	TCGA-LIHC	TCGA-CC-A9FW	TCGA-CC-A9FW-01A	Primary Tumor
43367e6e-d151-4128-ade3-1a3612a5726c	d8f716d2-b23c-47f1-9437-6e95e4ff5532.FPKM.txt.gz	Transcriptome Profiling	Gene Expression Quantification	TCGA-LIHC	TCGA-WX-AA46	TCGA-WX-AA46-01A	Primary Tumor
bc5f3d1b-e8e7-4db9-a544-aaec9acea05b	8fb72418-630a-427f-aa4b-c95f87d7e8bf.FPKM.txt.gz	Transcriptome Profiling	Gene Expression Quantification	TCGA-LIHC	TCGA-BC-A10R	TCGA-BC-A10R-01A	Primary Tumor
62e8e08c-6cc0-41e5-9f14-7bb81ce0826a	7085ee3a-b604-4a12-a877-63eef2d905e8.FPKM.txt.gz	Transcriptome Profiling	Gene Expression Quantification	TCGA-LIHC	TCGA-RC-A6M4	TCGA-RC-A6M4-01A	Primary Tumor
073bf6ae-b605-4718-bdcf-6df3eeb12ea0	8f676c67-2594-4be6-897e-03f356f46cc5.FPKM.txt.gz	Transcriptome Profiling	Gene Expression Quantification	TCGA-LIHC	TCGA-BC-A10U	TCGA-BC-A10U-01A	Primary Tumor
e62a1625-73f9-49e4-9922-d15a6e18ee72	fdb62f73-33a7-44c3-950c-739383b9dd30.FPKM.txt.gz	Transcriptome Profiling	Gene Expression Quantification	TCGA-LIHC	TCGA-G3-A5SM	TCGA-G3-A5SM-01A	Primary Tumor
327c182b-0b4d-43d9-9215-7d712a88cf9b	8b23546a-3a1c-42c4-bc51-1c338abed1de.FPKM.txt.gz	Transcriptome Profiling	Gene Expression Quantification	TCGA-LIHC	TCGA-DD-AAVQ	TCGA-DD-AAVQ-01A	Primary Tumor
74555140-3a20-4034-8a50-ba91d85ad0a7	e1a09abe-65a6-4f31-a12a-b3e4267665fa.FPKM.txt.gz	Transcriptome Profiling	Gene Expression Quantification	TCGA-LIHC	TCGA-BC-A10Z	TCGA-BC-A10Z-01A	Primary Tumor
3920bd71-46a3-4ed2-903f-0b88c12eb817	db820602-b6c3-4974-bf97-a09b297c09c2.FPKM.txt.gz	Transcriptome Profiling	Gene Expression Quantification	TCGA-LIHC	TCGA-DD-A4NR	TCGA-DD-A4NR-01A	Primary Tumor
d0dd7b1b-e643-4579-af6f-2c30084ba401	49c3a507-5de7-454e-a5e0-38ee916449f8.FPKM.txt.gz	Transcriptome Profiling	Gene Expression Quantification	TCGA-LIHC	TCGA-BC-A110	TCGA-BC-A110-11A	Solid Tissue Normal
aaa4746e-6d0f-4d33-8128-1c90a0258431	6f3dfcf1-9cd9-4c1e-91a2-58efd909dcb7.FPKM.txt.gz	Transcriptome Profiling	Gene Expression Quantification	TCGA-LIHC	TCGA-DD-A1EH	TCGA-DD-A1EH-01A	Primary Tumor
5f7e9e7b-021c-4333-8ac0-a17a7ac828d7	28ef84e7-f566-40a7-b239-26d3e23c878a.FPKM.txt.gz	Transcriptome Profiling	Gene Expression Quantification	TCGA-LIHC	TCGA-DD-A1EC	TCGA-DD-A1EC-01A	Primary Tumor
57423ddc-f18c-486c-b760-ad5153311ec3	cf82bee6-a91d-498e-bddb-b7c17b68dc66.FPKM.txt.gz	Transcriptome Profiling	Gene Expression Quantification	TCGA-LIHC	TCGA-DD-A39Y	TCGA-DD-A39Y-01A	Primary Tumor
290a2922-c6d1-47c1-b811-e54c1f7f68f0	dbe013fc-0642-488f-b561-a3e349228061.FPKM.txt.gz	Transcriptome Profiling	Gene Expression Quantification	TCGA-LIHC	TCGA-5C-A9VG	TCGA-5C-A9VG-01A	Primary Tumor
053b19f9-3943-44e6-ba3a-0307723716f2	1ef98734-2278-4169-bb7b-8a1d325af20d.FPKM.txt.gz	Transcriptome Profiling	Gene Expression Quantification	TCGA-LIHC	TCGA-DD-A113	TCGA-DD-A113-01A	Primary Tumor
cb1b3b72-d0d2-4a1b-b66b-fc16dfd9a27e	dcf14f46-a61a-44b9-8e88-b042c8e4ec64.FPKM.txt.gz	Transcriptome Profiling	Gene Expression Quantification	TCGA-LIHC	TCGA-DD-A3A8	TCGA-DD-A3A8-01A	Primary Tumor
9eff1d31-abdd-4493-a0a0-f0111ac67746	15a44c9d-7c84-4170-96a1-358dd796aa65.FPKM.txt.gz	Transcriptome Profiling	Gene Expression Quantification	TCGA-LIHC	TCGA-BD-A2L6	TCGA-BD-A2L6-11A	Solid Tissue Normal
2a3750ca-f95b-4491-b9c9-5d033b7384c2	872f4298-0808-497d-a951-61ca4d55eb58.FPKM.txt.gz	Transcriptome Profiling	Gene Expression Quantification	TCGA-LIHC	TCGA-ED-A7PX	TCGA-ED-A7PX-01A	Primary Tumor
06a48c32-e272-4ef5-b185-731fce4fe8f5	1c6bb58a-3869-41f5-9fef-9070bbfedbad.FPKM.txt.gz	Transcriptome Profiling	Gene Expression Quantification	TCGA-LIHC	TCGA-DD-AACX	TCGA-DD-AACX-01A	Primary Tumor
1dd55da2-9a1d-4b56-a37a-f3ddb164beaa	62d21a84-6fe3-452d-9f1b-69a5ec77e27d.FPKM.txt.gz	Transcriptome Profiling	Gene Expression Quantification	TCGA-LIHC	TCGA-ZS-A9CF	TCGA-ZS-A9CF-01A	Primary Tumor
8ffdb893-8f35-4122-99ee-400a1613780f	f254ad56-4768-4062-8e2c-e9442d64fb09.FPKM.txt.gz	Transcriptome Profiling	Gene Expression Quantification	TCGA-LIHC	TCGA-DD-A11B	TCGA-DD-A11B-11A	Solid Tissue Normal
344254ce-6ae0-4889-9fdc-13332085f8b0	4d3842d1-c643-4659-98e9-8d613144fa91.FPKM.txt.gz	Transcriptome Profiling	Gene Expression Quantification	TCGA-LIHC	TCGA-DD-A39X	TCGA-DD-A39X-11A	Solid Tissue Normal
7eab2d95-479a-4fb3-b4a7-06382e40ce51	554f6de3-63c7-47b1-a75a-dcfc73f54e96.FPKM.txt.gz	Transcriptome Profiling	Gene Expression Quantification	TCGA-LIHC	TCGA-PD-A5DF	TCGA-PD-A5DF-01A	Primary Tumor
e48f02cd-ae8e-489f-afdf-12057c71cea5	84eebb41-619f-4b8e-a8fc-92c7b559f217.FPKM.txt.gz	Transcriptome Profiling	Gene Expression Quantification	TCGA-LIHC	TCGA-DD-AAD6	TCGA-DD-AAD6-01A	Primary Tumor
0c30dada-9410-4612-84d5-d32390d47d31	7097ca31-8322-44a6-8fe7-f0c67bbf88fe.FPKM.txt.gz	Transcriptome Profiling	Gene Expression Quantification	TCGA-LIHC	TCGA-DD-AAE4	TCGA-DD-AAE4-01A	Primary Tumor
92e3871b-5377-47c9-bce5-1c98eb1495c9	10a32136-8a4d-4af3-8e70-543b2a336c91.FPKM.txt.gz	Transcriptome Profiling	Gene Expression Quantification	TCGA-LIHC	TCGA-DD-AACL	TCGA-DD-AACL-01A	Primary Tumor
2160d1a6-d793-4dc5-b4dd-18c77e78c05d	9c7ed831-de1d-40ea-9b7b-5076a8645732.FPKM.txt.gz	Transcriptome Profiling	Gene Expression Quantification	TCGA-LIHC	TCGA-DD-AADW	TCGA-DD-AADW-01A	Primary Tumor
2404afff-c692-4780-87ea-d7587f1b05f4	571f8fb1-0668-4443-a193-f4bdea78caef.FPKM.txt.gz	Transcriptome Profiling	Gene Expression Quantification	TCGA-LIHC	TCGA-DD-A1EI	TCGA-DD-A1EI-01A	Primary Tumor
cf8ca7fa-d935-4462-85e1-68a9789391d4	2d40e20c-bee4-48f2-a8b0-cdf8dff75dc3.FPKM.txt.gz	Transcriptome Profiling	Gene Expression Quantification	TCGA-LIHC	TCGA-ES-A2HT	TCGA-ES-A2HT-11A	Solid Tissue Normal
5b52d9a4-9675-4ffe-9314-f9cf64fcbc3e	fa708321-4572-4ef4-9533-d64b51ec6454.FPKM.txt.gz	Transcriptome Profiling	Gene Expression Quantification	TCGA-LIHC	TCGA-KR-A7K0	TCGA-KR-A7K0-01A	Primary Tumor
166357a6-7621-44ca-8e9f-f3cbe86ccef2	539be154-54e1-4992-bd3c-72f02df287a5.FPKM.txt.gz	Transcriptome Profiling	Gene Expression Quantification	TCGA-LIHC	TCGA-DD-A1EE	TCGA-DD-A1EE-01A	Primary Tumor
821abba5-a5c4-4941-995b-acaf59cd11eb	616435aa-cc36-45d0-8f08-9b4af17be2e8.FPKM.txt.gz	Transcriptome Profiling	Gene Expression Quantification	TCGA-LIHC	TCGA-FV-A4ZQ	TCGA-FV-A4ZQ-01A	Primary Tumor
70a5f393-e9e3-4157-8adf-7bcbe352e8a9	b39bcb10-164d-48c5-89ba-9ef668765db6.FPKM.txt.gz	Transcriptome Profiling	Gene Expression Quantification	TCGA-LIHC	TCGA-G3-AAV3	TCGA-G3-AAV3-01A	Primary Tumor
921757de-dfb8-46f9-9db7-02a1d702173d	9bb56719-e0cc-4ba2-8bae-14187b03243b.FPKM.txt.gz	Transcriptome Profiling	Gene Expression Quantification	TCGA-LIHC	TCGA-CC-A5UE	TCGA-CC-A5UE-01A	Primary Tumor
c1549d8b-0519-459f-a678-e22aac0d362b	5301c76d-5e41-43ec-9277-1e6677ad35e2.FPKM.txt.gz	Transcriptome Profiling	Gene Expression Quantification	TCGA-LIHC	TCGA-BC-4073	TCGA-BC-4073-01B	Primary Tumor
57e2af97-32e5-4696-b07b-5397069a00d2	cfb40dba-37a7-4ae7-a2c9-34becc30f939.FPKM.txt.gz	Transcriptome Profiling	Gene Expression Quantification	TCGA-LIHC	TCGA-BD-A3ER	TCGA-BD-A3ER-01A	Primary Tumor
64724049-d713-4585-9f01-4af1b9cd5c65	1451300d-dbc4-4bcc-b18c-3a61046ed94f.FPKM.txt.gz	Transcriptome Profiling	Gene Expression Quantification	TCGA-LIHC	TCGA-UB-AA0V	TCGA-UB-AA0V-01A	Primary Tumor
37cdef49-69d0-47a7-8c2c-b8650540ad8f	85582c46-1b89-4b73-ab5b-d24cea1a9a43.FPKM.txt.gz	Transcriptome Profiling	Gene Expression Quantification	TCGA-LIHC	TCGA-DD-A116	TCGA-DD-A116-01A	Primary Tumor
455d16a7-0a1b-47ea-9a62-81c8ff3aab7d	7a0ac078-cd90-49f2-b396-3ba1b4525473.FPKM.txt.gz	Transcriptome Profiling	Gene Expression Quantification	TCGA-LIHC	TCGA-5R-AA1C	TCGA-5R-AA1C-01A	Primary Tumor
65d5b6c5-d8c7-4191-835d-4f4cced4d7be	57ef7745-338c-4fb2-ac9b-9f57daba2c51.FPKM.txt.gz	Transcriptome Profiling	Gene Expression Quantification	TCGA-LIHC	TCGA-G3-A3CJ	TCGA-G3-A3CJ-01A	Primary Tumor
7ba89d2a-6371-49d0-b1ad-a3463ff750e5	f6ae6ac1-3e00-4021-a6e7-fbb0d5f12836.FPKM.txt.gz	Transcriptome Profiling	Gene Expression Quantification	TCGA-LIHC	TCGA-DD-A4NS	TCGA-DD-A4NS-01A	Primary Tumor
87ff3f75-b183-4484-b07a-c2607e045fe8	16fc8611-259d-4cd8-9e93-60d97bebb6bf.FPKM.txt.gz	Transcriptome Profiling	Gene Expression Quantification	TCGA-LIHC	TCGA-ED-A7XP	TCGA-ED-A7XP-01A	Primary Tumor
8196f2f4-fb97-4e65-80b8-4e218c5e79c0	1d9842f1-42f8-45b0-a679-c560f69f338c.FPKM.txt.gz	Transcriptome Profiling	Gene Expression Quantification	TCGA-LIHC	TCGA-FV-A2QR	TCGA-FV-A2QR-01A	Primary Tumor
1fc2bedb-3cf4-43b0-b0f5-8dbcfdc725e8	2c2e26d3-fd8e-4dab-a72e-fa62d680de75.FPKM.txt.gz	Transcriptome Profiling	Gene Expression Quantification	TCGA-LIHC	TCGA-2Y-A9GS	TCGA-2Y-A9GS-01A	Primary Tumor
5c1550cb-6335-4433-b3cf-2c36e430d093	004c60cf-c08e-49df-b4ce-baca41e11250.FPKM.txt.gz	Transcriptome Profiling	Gene Expression Quantification	TCGA-LIHC	TCGA-WX-AA47	TCGA-WX-AA47-01A	Primary Tumor
908df5a2-9353-4614-ac24-113c150b6e8c	0c787696-c73f-4402-a0e5-f893c4638a76.FPKM.txt.gz	Transcriptome Profiling	Gene Expression Quantification	TCGA-LIHC	TCGA-ZS-A9CE	TCGA-ZS-A9CE-01A	Primary Tumor
ce304848-b269-4252-b95d-d081cb0464b9	dca954fa-a77e-4b8e-aa6f-963c574e0615.FPKM.txt.gz	Transcriptome Profiling	Gene Expression Quantification	TCGA-LIHC	TCGA-RC-A6M6	TCGA-RC-A6M6-01A	Primary Tumor
1a8f9728-600d-47e0-bd41-e5d874af9278	67371e85-cdad-4b17-ad23-19ef39fdc2c6.FPKM.txt.gz	Transcriptome Profiling	Gene Expression Quantification	TCGA-LIHC	TCGA-DD-A39W	TCGA-DD-A39W-11A	Solid Tissue Normal
63fa9fa8-b98c-4e48-a937-9953eddcbabe	f5c352b4-18ba-4daa-9df1-6174ce2f8087.FPKM.txt.gz	Transcriptome Profiling	Gene Expression Quantification	TCGA-LIHC	TCGA-FV-A4ZP	TCGA-FV-A4ZP-01A	Primary Tumor
3131ee80-1ce4-4919-b4e3-53f51f5f99ec	df794530-d03a-462b-bdf3-be4ea881714e.FPKM.txt.gz	Transcriptome Profiling	Gene Expression Quantification	TCGA-LIHC	TCGA-DD-AACY	TCGA-DD-AACY-01A	Primary Tumor
9f9fb9ac-4faa-41da-bdc0-9a716a6ccc4c	e18e0c27-029a-48dc-bdf4-ec00a0702db0.FPKM.txt.gz	Transcriptome Profiling	Gene Expression Quantification	TCGA-LIHC	TCGA-2Y-A9H0	TCGA-2Y-A9H0-01A	Primary Tumor
c628fcd2-ac9c-48ef-aee7-a91996157d1a	5f3e81b0-32ee-4723-8386-bf60fee0da7e.FPKM.txt.gz	Transcriptome Profiling	Gene Expression Quantification	TCGA-LIHC	TCGA-DD-AAVV	TCGA-DD-AAVV-01A	Primary Tumor
b0a6eab3-ffb1-4f9e-b715-ee4b13df0be8	24c718b7-98dc-4c93-9115-8730f1839c48.FPKM.txt.gz	Transcriptome Profiling	Gene Expression Quantification	TCGA-LIHC	TCGA-DD-AACC	TCGA-DD-AACC-01A	Primary Tumor
56353106-4047-4e0c-a15e-2bb7e139acc0	63f03089-1c71-4f72-90b0-3027aa042fce.FPKM.txt.gz	Transcriptome Profiling	Gene Expression Quantification	TCGA-LIHC	TCGA-DD-AADP	TCGA-DD-AADP-01A	Primary Tumor
16a7f22d-985e-4f30-874e-1df13f24e8f0	b5a58437-1c0b-4c9f-bf0d-fc7f08d9d9ae.FPKM.txt.gz	Transcriptome Profiling	Gene Expression Quantification	TCGA-LIHC	TCGA-CC-A7IJ	TCGA-CC-A7IJ-01A	Primary Tumor
9fb3a232-30ac-4ede-9dc1-c4fa963670dc	4ff24999-4b17-4992-9053-ea36ca833cfb.FPKM.txt.gz	Transcriptome Profiling	Gene Expression Quantification	TCGA-LIHC	TCGA-DD-A1EL	TCGA-DD-A1EL-01A	Primary Tumor
535ef599-fe07-46ee-8652-9dd5ce703bbe	20cf507a-a64c-42ba-909b-efb7b229e654.FPKM.txt.gz	Transcriptome Profiling	Gene Expression Quantification	TCGA-LIHC	TCGA-DD-A1EK	TCGA-DD-A1EK-01A	Primary Tumor
f88ef64a-e635-4898-996f-971c96e06d4e	f25f1def-3191-4570-aede-d4c3d7e7b3c1.FPKM.txt.gz	Transcriptome Profiling	Gene Expression Quantification	TCGA-LIHC	TCGA-HP-A5MZ	TCGA-HP-A5MZ-01A	Primary Tumor
b68a9a14-2031-44c7-b711-eb4d1eab71b3	65989e95-b9e2-4972-b75b-ea22969d59cb.FPKM.txt.gz	Transcriptome Profiling	Gene Expression Quantification	TCGA-LIHC	TCGA-DD-A3A5	TCGA-DD-A3A5-11A	Solid Tissue Normal
295a8e9d-492b-4115-9643-55cf6b4cdcc5	0ff80d11-8b02-473b-85a7-366f88b670e9.FPKM.txt.gz	Transcriptome Profiling	Gene Expression Quantification	TCGA-LIHC	TCGA-RC-A7SF	TCGA-RC-A7SF-01A	Primary Tumor
c85990f8-8c60-4da1-b040-f63d714f7fed	2c2fd072-c1ad-4723-ac0f-a3245498a9c8.FPKM.txt.gz	Transcriptome Profiling	Gene Expression Quantification	TCGA-LIHC	TCGA-DD-AACE	TCGA-DD-AACE-01A	Primary Tumor
054ee4ee-c382-409d-819c-f4c99d2b52ff	ba17648f-b788-458a-a78c-2bb20970d94b.FPKM.txt.gz	Transcriptome Profiling	Gene Expression Quantification	TCGA-LIHC	TCGA-DD-A118	TCGA-DD-A118-11A	Solid Tissue Normal
d0b2ef9e-2779-41e9-99ea-ff1ac86d40d3	26c7d2b4-1bc6-464d-90c9-421464d9386f.FPKM.txt.gz	Transcriptome Profiling	Gene Expression Quantification	TCGA-LIHC	TCGA-G3-A7M8	TCGA-G3-A7M8-01A	Primary Tumor
115a1c13-fe0c-43f1-aa76-dcbc36d51996	0415a9b4-a58d-4641-ab1a-927ed7a04824.FPKM.txt.gz	Transcriptome Profiling	Gene Expression Quantification	TCGA-LIHC	TCGA-ZP-A9CZ	TCGA-ZP-A9CZ-01A	Primary Tumor
fd51bc9f-01c9-4c46-9336-e147b83f754d	687e7d1d-99eb-4bf9-9fa3-49e324ef32c3.FPKM.txt.gz	Transcriptome Profiling	Gene Expression Quantification	TCGA-LIHC	TCGA-G3-A3CK	TCGA-G3-A3CK-01A	Primary Tumor
c889186b-8394-4005-8249-6424d21f9c67	05ac7b05-e459-4833-97fc-530185a7a55f.FPKM.txt.gz	Transcriptome Profiling	Gene Expression Quantification	TCGA-LIHC	TCGA-DD-AACD	TCGA-DD-AACD-01A	Primary Tumor
5b2fff39-6492-4629-a0f4-d135612bee72	8bf84ab0-7a48-4d98-bfc0-88537003ecd0.FPKM.txt.gz	Transcriptome Profiling	Gene Expression Quantification	TCGA-LIHC	TCGA-DD-A1EL	TCGA-DD-A1EL-11A	Solid Tissue Normal
8fd90ec2-68f8-4d7a-b3f9-d2a2145d2db3	b04fb368-4b93-4ef9-ae9f-020484c1686b.FPKM.txt.gz	Transcriptome Profiling	Gene Expression Quantification	TCGA-LIHC	TCGA-G3-A25X	TCGA-G3-A25X-01A	Primary Tumor
cb3d8e55-0e4b-43a1-8b5f-f27e7f9f440a	d7c21711-bd24-4d39-8a16-2c33080e51f8.FPKM.txt.gz	Transcriptome Profiling	Gene Expression Quantification	TCGA-LIHC	TCGA-ES-A2HT	TCGA-ES-A2HT-01A	Primary Tumor
1a37834b-5f81-4616-99a3-4b55b71f4050	37b64c4e-b0ab-44cf-b751-0c1c80a19c94.FPKM.txt.gz	Transcriptome Profiling	Gene Expression Quantification	TCGA-LIHC	TCGA-DD-A3A4	TCGA-DD-A3A4-01A	Primary Tumor
b6bec337-4ce3-4e4b-8adb-b3ac58028b73	2f3f2e57-4c69-469f-be9c-01cc4f704427.FPKM.txt.gz	Transcriptome Profiling	Gene Expression Quantification	TCGA-LIHC	TCGA-DD-AADA	TCGA-DD-AADA-01A	Primary Tumor
5762dc4b-1f30-4675-967f-68c6a1d07197	99e82612-a602-459b-8a60-80a812bf9d88.FPKM.txt.gz	Transcriptome Profiling	Gene Expression Quantification	TCGA-LIHC	TCGA-DD-A73D	TCGA-DD-A73D-01A	Primary Tumor
d75e8818-81a3-4b25-9416-c649ea71083c	eea3fcee-ee51-461b-abb4-c393c084e018.FPKM.txt.gz	Transcriptome Profiling	Gene Expression Quantification	TCGA-LIHC	TCGA-WX-AA44	TCGA-WX-AA44-01A	Primary Tumor
162e6df6-eb27-495f-ad76-a6c42e9be729	56afadb3-a183-4848-9616-4552c3bdf5c8.FPKM.txt.gz	Transcriptome Profiling	Gene Expression Quantification	TCGA-LIHC	TCGA-DD-AADU	TCGA-DD-AADU-01A	Primary Tumor
bdceef06-5a67-4ff5-a5fe-dfeb9e5cc334	481e95c0-3a19-48fe-a119-3245ffe4f83f.FPKM.txt.gz	Transcriptome Profiling	Gene Expression Quantification	TCGA-LIHC	TCGA-DD-A39V	TCGA-DD-A39V-11A	Solid Tissue Normal
cc5a7a4e-b607-4ad4-9b62-e15dd2feae52	6c86f9ae-9e88-4eae-9ba3-4866943cca7f.FPKM.txt.gz	Transcriptome Profiling	Gene Expression Quantification	TCGA-LIHC	TCGA-XR-A8TC	TCGA-XR-A8TC-01A	Primary Tumor
7f85f894-c7df-499c-951a-d258c40734ea	20fc6696-a863-47ea-90d2-802507928248.FPKM.txt.gz	Transcriptome Profiling	Gene Expression Quantification	TCGA-LIHC	TCGA-BC-A69I	TCGA-BC-A69I-01A	Primary Tumor
35bac9ff-6524-4143-ba23-f37d396bbab7	562bc566-978f-45ed-9db5-9f444f10f187.FPKM.txt.gz	Transcriptome Profiling	Gene Expression Quantification	TCGA-LIHC	TCGA-DD-AAW2	TCGA-DD-AAW2-01A	Primary Tumor
a5da6e53-d905-4fe7-9dc5-48619e4708ed	daed1854-66ca-4029-b8a6-c5c73a4b78bf.FPKM.txt.gz	Transcriptome Profiling	Gene Expression Quantification	TCGA-LIHC	TCGA-DD-A73F	TCGA-DD-A73F-01A	Primary Tumor
e005a72e-ca50-4fc8-9062-318dcbfdd236	35a2858e-9787-457c-9435-33bd62332aa3.FPKM.txt.gz	Transcriptome Profiling	Gene Expression Quantification	TCGA-LIHC	TCGA-UB-A7MD	TCGA-UB-A7MD-01A	Primary Tumor
99170f84-c06d-42c6-ab40-70ec539df1b6	dcf5a350-7cff-475a-8f53-376422f990eb.FPKM.txt.gz	Transcriptome Profiling	Gene Expression Quantification	TCGA-LIHC	TCGA-RC-A7SH	TCGA-RC-A7SH-01A	Primary Tumor
855fa6f7-bb56-4db7-bdb9-859f13ab5c84	d51b48fe-9327-4664-8925-b1053536dba7.FPKM.txt.gz	Transcriptome Profiling	Gene Expression Quantification	TCGA-LIHC	TCGA-CC-A1HT	TCGA-CC-A1HT-01A	Primary Tumor
9147d56a-0d2b-4e41-9653-4c928fe9fe83	447930a1-99c5-4e42-a7a9-be4ce22ff172.FPKM.txt.gz	Transcriptome Profiling	Gene Expression Quantification	TCGA-LIHC	TCGA-G3-A3CH	TCGA-G3-A3CH-01A	Primary Tumor
fafe4619-4a95-4a1c-b7e9-7528750c0350	307505d6-f810-4952-9959-c7cfb7e55f48.FPKM.txt.gz	Transcriptome Profiling	Gene Expression Quantification	TCGA-LIHC	TCGA-ED-A8O6	TCGA-ED-A8O6-01A	Primary Tumor
f7e8516c-b35b-43f2-a520-146be12d41f7	ce80ed84-2030-4fc9-95d3-4a191ef4278c.FPKM.txt.gz	Transcriptome Profiling	Gene Expression Quantification	TCGA-LIHC	TCGA-2Y-A9H8	TCGA-2Y-A9H8-01A	Primary Tumor
637cd6e0-c01e-4b95-9e92-8113deee7f8e	43428573-6606-4e04-bb8f-e4513dfe2556.FPKM.txt.gz	Transcriptome Profiling	Gene Expression Quantification	TCGA-LIHC	TCGA-DD-AACP	TCGA-DD-AACP-01A	Primary Tumor
f5775987-fd3a-438c-8a96-09208c4bfcd9	d2bf6185-08a5-4a73-9f87-7164cca1ccf6.FPKM.txt.gz	Transcriptome Profiling	Gene Expression Quantification	TCGA-LIHC	TCGA-CC-5259	TCGA-CC-5259-01A	Primary Tumor
34274987-bc49-4882-8caf-93e3c5ac69f1	4abaf1dc-2541-4bdf-9690-2a3e22469b01.FPKM.txt.gz	Transcriptome Profiling	Gene Expression Quantification	TCGA-LIHC	TCGA-G3-A7M7	TCGA-G3-A7M7-01A	Primary Tumor
37b0157b-212f-40f5-935a-a9974d573932	19f2bfb6-33ba-4aea-9281-c5009d539562.FPKM.txt.gz	Transcriptome Profiling	Gene Expression Quantification	TCGA-LIHC	TCGA-MI-A75I	TCGA-MI-A75I-01A	Primary Tumor
